Workbook

Sheet Tổng hợp thu hồi
A1: Đối tác/Đơn phát sinh | B1: Phân loại | C1: Tháng phát sinh | D1: SKU | E1: Tên SP | F1: Brand | G1: SL thực nhận | H1: SL đã xuất | I1: Còn lại | J1: Tình trạng sản phẩm | K1: Hạn sử dụng sản phẩm | L1: Ngày làm chuẩn | M1: HSD tiêu chuẩn (tháng) | N1: HSD còn lại (tháng) | O1: % hạn sản phẩm còn lại | P1: Mã tham chiếu | Q1: Ghi chú | R1: Ngày cập nhập
A2: Guardian | B2: B2B | C2: Tháng 8 | D2: 8809491946260 | E2: Son môi GLAMRR Q (LONG WEAR LIP CREAM #12 LAVISH, 5g) | F2: =IF(ISNUMBER(SEARCH("gilaa",E2)),"GILAA", IF(ISNUMBER(SEARCH("GLAMRR Q",E2)),"GLAMRR Q", IF(ISNUMBER(SEARCH("BAD PEACH",E2)),"BAD PEACH", IF(ISNUMBER(SEARCH("VEGICK",E2)),"VEGICK", IF(ISNUMBER(SEARCH("DE MEMORIA",E2)),"DE MEMORIA", IF(ISNUMBER(SEARCH("MUDE",E2)),"MUDE", IF(ISNUMBER(SEARCH("daoida",E2)),"DAOIDA",IF(ISNUMBER(SEARCH("MEDIFORCELL",E2)),"MEDIFORCELL",IF(ISNUMBER(SEARCH("PLU",E2)),"PLU",""))))))))) -> GLAMRR Q | G2: 1 | I2: =G2-H2 -> 1 | J2: bao bì không có in date/lot | K2: - | L2: - | M2: - | N2: - | O2: - | R2: 20/3/2026
A3: Guardian | B3: B2B | C3: Tháng 8 | D3: 8809783326817 | E3: Son môi GLAMRR Q (V​E​G​A​N S​U​P​E​R L​I​P B​A​L​M 0​4 O​'​P​E​A​C​H, 4.5g) | F3: =IF(ISNUMBER(SEARCH("gilaa",E3)),"GILAA", IF(ISNUMBER(SEARCH("GLAMRR Q",E3)),"GLAMRR Q", IF(ISNUMBER(SEARCH("BAD PEACH",E3)),"BAD PEACH", IF(ISNUMBER(SEARCH("VEGICK",E3)),"VEGICK", IF(ISNUMBER(SEARCH("DE MEMORIA",E3)),"DE MEMORIA", IF(ISNUMBER(SEARCH("MUDE",E3)),"MUDE", IF(ISNUMBER(SEARCH("daoida",E3)),"DAOIDA",IF(ISNUMBER(SEARCH("MEDIFORCELL",E3)),"MEDIFORCELL",IF(ISNUMBER(SEARCH("PLU",E3)),"PLU",""))))))))) -> GLAMRR Q | G3: 2 | I3: =G3-H3 -> 2 | J3: bao bì bị bạc màu | K3: 45968 | L3: =TODAY() -> 46106 | M3: 36 | N3: =(K3-L3)/30 -> -4.6 | O3: =N3/M3 -> -0.12777778 | R3: 20/3/2026
A4: Guardian | B4: B2B | C4: Tháng 8 | D4: 8809491946154 | E4: Son môi GLAMRR Q (LONG WEAR LIP CREAM #01 GLAD DAY, 5g) | F4: =IF(ISNUMBER(SEARCH("gilaa",E4)),"GILAA", IF(ISNUMBER(SEARCH("GLAMRR Q",E4)),"GLAMRR Q", IF(ISNUMBER(SEARCH("BAD PEACH",E4)),"BAD PEACH", IF(ISNUMBER(SEARCH("VEGICK",E4)),"VEGICK", IF(ISNUMBER(SEARCH("DE MEMORIA",E4)),"DE MEMORIA", IF(ISNUMBER(SEARCH("MUDE",E4)),"MUDE", IF(ISNUMBER(SEARCH("daoida",E4)),"DAOIDA",IF(ISNUMBER(SEARCH("MEDIFORCELL",E4)),"MEDIFORCELL",IF(ISNUMBER(SEARCH("PLU",E4)),"PLU",""))))))))) -> GLAMRR Q | G4: 15 | I4: =G4-H4 -> 15 | J4: bao bì bị bạc màu | K4: 46052 | L4: =TODAY() -> 46106 | M4: 36 | N4: =(K4-L4)/30 -> -1.8 | O4: =N4/M4 -> -0.05 | R4: 20/3/2026
A5: Guardian | B5: B2B | C5: Tháng 8 | D5: 8809875904862 | E5: Phấn nước trang điểm GLAMRR Q (VEGAN SUPER COVER CUSHION #01 LIGHT BEIGE, 15g) | F5: =IF(ISNUMBER(SEARCH("gilaa",E5)),"GILAA", IF(ISNUMBER(SEARCH("GLAMRR Q",E5)),"GLAMRR Q", IF(ISNUMBER(SEARCH("BAD PEACH",E5)),"BAD PEACH", IF(ISNUMBER(SEARCH("VEGICK",E5)),"VEGICK", IF(ISNUMBER(SEARCH("DE MEMORIA",E5)),"DE MEMORIA", IF(ISNUMBER(SEARCH("MUDE",E5)),"MUDE", IF(ISNUMBER(SEARCH("daoida",E5)),"DAOIDA",IF(ISNUMBER(SEARCH("MEDIFORCELL",E5)),"MEDIFORCELL",IF(ISNUMBER(SEARCH("PLU",E5)),"PLU",""))))))))) -> GLAMRR Q | G5: 1 | I5: =G5-H5 -> 1 | J5: bao bì bị bạc màu | K5: 46052 | L5: =TODAY() -> 46106 | M5: 36 | N5: =(K5-L5)/30 -> -1.8 | O5: =N5/M5 -> -0.05 | R5: 20/3/2026
A6: Guardian | B6: B2B | C6: Tháng 8 | D6: 8809526841393 | E6: Phấn nước trang điểm GLAMRR Q (VEGAN SUPER GLOW CUSHION #01 LIGHT BEIGE, 15g) | F6: =IF(ISNUMBER(SEARCH("gilaa",E6)),"GILAA", IF(ISNUMBER(SEARCH("GLAMRR Q",E6)),"GLAMRR Q", IF(ISNUMBER(SEARCH("BAD PEACH",E6)),"BAD PEACH", IF(ISNUMBER(SEARCH("VEGICK",E6)),"VEGICK", IF(ISNUMBER(SEARCH("DE MEMORIA",E6)),"DE MEMORIA", IF(ISNUMBER(SEARCH("MUDE",E6)),"MUDE", IF(ISNUMBER(SEARCH("daoida",E6)),"DAOIDA",IF(ISNUMBER(SEARCH("MEDIFORCELL",E6)),"MEDIFORCELL",IF(ISNUMBER(SEARCH("PLU",E6)),"PLU",""))))))))) -> GLAMRR Q | G6: 5 | I6: =G6-H6 -> 5 | J6: bao bì bị bạc màu | K6: 46055 | L6: =TODAY() -> 46106 | M6: 36 | N6: =(K6-L6)/30 -> -1.7 | O6: =N6/M6 -> -0.047222222 | R6: 20/3/2026
A7: Guardian | B7: B2B | C7: Tháng 8 | D7: 8809526841393 | E7: Phấn nước trang điểm GLAMRR Q (VEGAN SUPER GLOW CUSHION #01 LIGHT BEIGE, 15g) | F7: =IF(ISNUMBER(SEARCH("gilaa",E7)),"GILAA", IF(ISNUMBER(SEARCH("GLAMRR Q",E7)),"GLAMRR Q", IF(ISNUMBER(SEARCH("BAD PEACH",E7)),"BAD PEACH", IF(ISNUMBER(SEARCH("VEGICK",E7)),"VEGICK", IF(ISNUMBER(SEARCH("DE MEMORIA",E7)),"DE MEMORIA", IF(ISNUMBER(SEARCH("MUDE",E7)),"MUDE", IF(ISNUMBER(SEARCH("daoida",E7)),"DAOIDA",IF(ISNUMBER(SEARCH("MEDIFORCELL",E7)),"MEDIFORCELL",IF(ISNUMBER(SEARCH("PLU",E7)),"PLU",""))))))))) -> GLAMRR Q | G7: 1 | I7: =G7-H7 -> 1 | J7: bao bì bị cấn móp | K7: 46055 | L7: =TODAY() -> 46106 | M7: 36 | N7: =(K7-L7)/30 -> -1.7 | O7: =N7/M7 -> -0.047222222 | R7: 20/3/2026
A8: Guardian | B8: B2B | C8: Tháng 8 | D8: 8809526841409 | E8: Phấn nước trang điểm GLAMRR Q (VEGAN SUPER GLOW CUSHION #02 NATURAL BEIGE, 15g) | F8: =IF(ISNUMBER(SEARCH("gilaa",E8)),"GILAA", IF(ISNUMBER(SEARCH("GLAMRR Q",E8)),"GLAMRR Q", IF(ISNUMBER(SEARCH("BAD PEACH",E8)),"BAD PEACH", IF(ISNUMBER(SEARCH("VEGICK",E8)),"VEGICK", IF(ISNUMBER(SEARCH("DE MEMORIA",E8)),"DE MEMORIA", IF(ISNUMBER(SEARCH("MUDE",E8)),"MUDE", IF(ISNUMBER(SEARCH("daoida",E8)),"DAOIDA",IF(ISNUMBER(SEARCH("MEDIFORCELL",E8)),"MEDIFORCELL",IF(ISNUMBER(SEARCH("PLU",E8)),"PLU",""))))))))) -> GLAMRR Q | G8: 1 | I8: =G8-H8 -> 1 | J8: bao bì bị bạc màu | K8: 46056 | L8: =TODAY() -> 46106 | M8: 36 | N8: =(K8-L8)/30 -> -1.6666667 | O8: =N8/M8 -> -0.046296296 | R8: 20/3/2026
A9: Guardian | B9: B2B | C9: Tháng 8 | D9: 8809526841409 | E9: Phấn nước trang điểm GLAMRR Q (VEGAN SUPER GLOW CUSHION #02 NATURAL BEIGE, 15g) | F9: =IF(ISNUMBER(SEARCH("gilaa",E9)),"GILAA", IF(ISNUMBER(SEARCH("GLAMRR Q",E9)),"GLAMRR Q", IF(ISNUMBER(SEARCH("BAD PEACH",E9)),"BAD PEACH", IF(ISNUMBER(SEARCH("VEGICK",E9)),"VEGICK", IF(ISNUMBER(SEARCH("DE MEMORIA",E9)),"DE MEMORIA", IF(ISNUMBER(SEARCH("MUDE",E9)),"MUDE", IF(ISNUMBER(SEARCH("daoida",E9)),"DAOIDA",IF(ISNUMBER(SEARCH("MEDIFORCELL",E9)),"MEDIFORCELL",IF(ISNUMBER(SEARCH("PLU",E9)),"PLU",""))))))))) -> GLAMRR Q | G9: 1 | I9: =G9-H9 -> 1 | J9: sản phẩm nguyên vẹn | K9: 46056 | L9: =TODAY() -> 46106 | M9: 36 | N9: =(K9-L9)/30 -> -1.6666667 | O9: =N9/M9 -> -0.046296296 | R9: 20/3/2026
A10: Guardian | B10: B2B | C10: Tháng 8 | D10: 8809526841409 | E10: Phấn nước trang điểm GLAMRR Q (VEGAN SUPER GLOW CUSHION #02 NATURAL BEIGE, 15g) | F10: =IF(ISNUMBER(SEARCH("gilaa",E10)),"GILAA", IF(ISNUMBER(SEARCH("GLAMRR Q",E10)),"GLAMRR Q", IF(ISNUMBER(SEARCH("BAD PEACH",E10)),"BAD PEACH", IF(ISNUMBER(SEARCH("VEGICK",E10)),"VEGICK", IF(ISNUMBER(SEARCH("DE MEMORIA",E10)),"DE MEMORIA", IF(ISNUMBER(SEARCH("MUDE",E10)),"MUDE", IF(ISNUMBER(SEARCH("daoida",E10)),"DAOIDA",IF(ISNUMBER(SEARCH("MEDIFORCELL",E10)),"MEDIFORCELL",IF(ISNUMBER(SEARCH("PLU",E10)),"PLU",""))))))))) -> GLAMRR Q | G10: 2 | I10: =G10-H10 -> 2 | J10: bao bì bị cấn móp | K10: 46056 | L10: =TODAY() -> 46106 | M10: 36 | N10: =(K10-L10)/30 -> -1.6666667 | O10: =N10/M10 -> -0.046296296 | R10: 20/3/2026
A11: Guardian | B11: B2B | C11: Tháng 8 | D11: 8809526841409 | E11: Phấn nước trang điểm GLAMRR Q (VEGAN SUPER GLOW CUSHION #02 NATURAL BEIGE, 15g) | F11: =IF(ISNUMBER(SEARCH("gilaa",E11)),"GILAA", IF(ISNUMBER(SEARCH("GLAMRR Q",E11)),"GLAMRR Q", IF(ISNUMBER(SEARCH("BAD PEACH",E11)),"BAD PEACH", IF(ISNUMBER(SEARCH("VEGICK",E11)),"VEGICK", IF(ISNUMBER(SEARCH("DE MEMORIA",E11)),"DE MEMORIA", IF(ISNUMBER(SEARCH("MUDE",E11)),"MUDE", IF(ISNUMBER(SEARCH("daoida",E11)),"DAOIDA",IF(ISNUMBER(SEARCH("MEDIFORCELL",E11)),"MEDIFORCELL",IF(ISNUMBER(SEARCH("PLU",E11)),"PLU",""))))))))) -> GLAMRR Q | G11: 14 | I11: =G11-H11 -> 14 | J11: bao bì bị bạc màu | K11: 46056 | L11: =TODAY() -> 46106 | M11: 36 | N11: =(K11-L11)/30 -> -1.6666667 | O11: =N11/M11 -> -0.046296296 | R11: 20/3/2026
A12: Guardian | B12: B2B | C12: Tháng 8 | D12: 8809563069910 | E12: Mặt nạ ngủ môi GLAMRR Q (VEGAN B5 SUPER LIP SLEEPING MASK, 10ml) | F12: =IF(ISNUMBER(SEARCH("gilaa",E12)),"GILAA", IF(ISNUMBER(SEARCH("GLAMRR Q",E12)),"GLAMRR Q", IF(ISNUMBER(SEARCH("BAD PEACH",E12)),"BAD PEACH", IF(ISNUMBER(SEARCH("VEGICK",E12)),"VEGICK", IF(ISNUMBER(SEARCH("DE MEMORIA",E12)),"DE MEMORIA", IF(ISNUMBER(SEARCH("MUDE",E12)),"MUDE", IF(ISNUMBER(SEARCH("daoida",E12)),"DAOIDA",IF(ISNUMBER(SEARCH("MEDIFORCELL",E12)),"MEDIFORCELL",IF(ISNUMBER(SEARCH("PLU",E12)),"PLU",""))))))))) -> GLAMRR Q | G12: 1 | I12: =G12-H12 -> 1 | J12: bao bì bị bạc màu | K12: 46056 | L12: =TODAY() -> 46106 | M12: 36 | N12: =(K12-L12)/30 -> -1.6666667 | O12: =N12/M12 -> -0.046296296 | R12: 20/3/2026
A13: Guardian | B13: B2B | C13: Tháng 8 | D13: 8809491946161 | E13: Son môi GLAMRR Q (LONG WEAR LIP CREAM #02 LOVELY DAY, 5g) | F13: =IF(ISNUMBER(SEARCH("gilaa",E13)),"GILAA", IF(ISNUMBER(SEARCH("GLAMRR Q",E13)),"GLAMRR Q", IF(ISNUMBER(SEARCH("BAD PEACH",E13)),"BAD PEACH", IF(ISNUMBER(SEARCH("VEGICK",E13)),"VEGICK", IF(ISNUMBER(SEARCH("DE MEMORIA",E13)),"DE MEMORIA", IF(ISNUMBER(SEARCH("MUDE",E13)),"MUDE", IF(ISNUMBER(SEARCH("daoida",E13)),"DAOIDA",IF(ISNUMBER(SEARCH("MEDIFORCELL",E13)),"MEDIFORCELL",IF(ISNUMBER(SEARCH("PLU",E13)),"PLU",""))))))))) -> GLAMRR Q | G13: 1 | I13: =G13-H13 -> 1 | J13: sản phẩm nguyên vẹn | K13: 46061 | L13: =TODAY() -> 46106 | M13: 36 | N13: =(K13-L13)/30 -> -1.5 | O13: =N13/M13 -> -0.041666667 | R13: 20/3/2026
A14: Guardian | B14: B2B | C14: Tháng 8 | D14: 8809491946161 | E14: Son môi GLAMRR Q (LONG WEAR LIP CREAM #02 LOVELY DAY, 5g) | F14: =IF(ISNUMBER(SEARCH("gilaa",E14)),"GILAA", IF(ISNUMBER(SEARCH("GLAMRR Q",E14)),"GLAMRR Q", IF(ISNUMBER(SEARCH("BAD PEACH",E14)),"BAD PEACH", IF(ISNUMBER(SEARCH("VEGICK",E14)),"VEGICK", IF(ISNUMBER(SEARCH("DE MEMORIA",E14)),"DE MEMORIA", IF(ISNUMBER(SEARCH("MUDE",E14)),"MUDE", IF(ISNUMBER(SEARCH("daoida",E14)),"DAOIDA",IF(ISNUMBER(SEARCH("MEDIFORCELL",E14)),"MEDIFORCELL",IF(ISNUMBER(SEARCH("PLU",E14)),"PLU",""))))))))) -> GLAMRR Q | G14: 45 | I14: =G14-H14 -> 45 | J14: bao bì bị bạc màu | K14: 46061 | L14: =TODAY() -> 46106 | M14: 36 | N14: =(K14-L14)/30 -> -1.5 | O14: =N14/M14 -> -0.041666667 | R14: 20/3/2026
... A41: Guardian | B41: B2B | C41: Tháng 8 | D41: 8809563069910 | E41: Mặt nạ ngủ môi GLAMRR Q (VEGAN B5 SUPER LIP SLEEPING MASK, 10ml) | F41: =IF(ISNUMBER(SEARCH("gilaa",E41)),"GILAA", IF(ISNUMBER(SEARCH("GLAMRR Q",E41)),"GLAMRR Q", IF(ISNUMBER(SEARCH("BAD PEACH",E41)),"BAD PEACH", IF(ISNUMBER(SEARCH("VEGICK",E41)),"VEGICK", IF(ISNUMBER(SEARCH("DE MEMORIA",E41)),"DE MEMORIA", IF(ISNUMBER(SEARCH("MUDE",E41)),"MUDE", IF(ISNUMBER(SEARCH("daoida",E41)),"DAOIDA",IF(ISNUMBER(SEARCH("MEDIFORCELL",E41)),"MEDIFORCELL",IF(ISNUMBER(SEARCH("PLU",E41)),"PLU",""))))))))) -> GLAMRR Q | G41: 3 | I41: =G41-H41 -> 3 | J41: sản phẩm nguyên vẹn | K41: 46068 | L41: =TODAY() -> 46106 | M41: 36 | N41: =(K41-L41)/30 -> -1.2666667 | O41: =N41/M41 -> -0.035185185 | R41: 20/3/2026
A42: Guardian | B42: B2B | C42: Tháng 8 | D42: 8809203078227 | E42: Thực phẩm bổ sung GILAA (5K COLLAGEN INNER BOOSTER WITH PEONY, 20g x 15), hộp 15 gói | F42: =IF(ISNUMBER(SEARCH("gilaa",E42)),"GILAA", IF(ISNUMBER(SEARCH("GLAMRR Q",E42)),"GLAMRR Q", IF(ISNUMBER(SEARCH("BAD PEACH",E42)),"BAD PEACH", IF(ISNUMBER(SEARCH("VEGICK",E42)),"VEGICK", IF(ISNUMBER(SEARCH("DE MEMORIA",E42)),"DE MEMORIA", IF(ISNUMBER(SEARCH("MUDE",E42)),"MUDE", IF(ISNUMBER(SEARCH("daoida",E42)),"DAOIDA",IF(ISNUMBER(SEARCH("MEDIFORCELL",E42)),"MEDIFORCELL",IF(ISNUMBER(SEARCH("PLU",E42)),"PLU",""))))))))) -> GILAA | G42: 4 | I42: =G42-H42 -> 4 | J42: bao bì bị bạc màu | K42: 46074 | L42: =TODAY() -> 46106 | M42: 36 | N42: =(K42-L42)/30 -> -1.0666667 | O42: =N42/M42 -> -0.02962963 | Q42: B2B lên đơn trên CRM, KT check sl giúp nha | R42: 20/3/2026
A43: Guardian | B43: B2B | C43: Tháng 8 | D43: 8809491946260 | E43: Son môi GLAMRR Q (LONG WEAR LIP CREAM #12 LAVISH, 5g) | F43: =IF(ISNUMBER(SEARCH("gilaa",E43)),"GILAA", IF(ISNUMBER(SEARCH("GLAMRR Q",E43)),"GLAMRR Q", IF(ISNUMBER(SEARCH("BAD PEACH",E43)),"BAD PEACH", IF(ISNUMBER(SEARCH("VEGICK",E43)),"VEGICK", IF(ISNUMBER(SEARCH("DE MEMORIA",E43)),"DE MEMORIA", IF(ISNUMBER(SEARCH("MUDE",E43)),"MUDE", IF(ISNUMBER(SEARCH("daoida",E43)),"DAOIDA",IF(ISNUMBER(SEARCH("MEDIFORCELL",E43)),"MEDIFORCELL",IF(ISNUMBER(SEARCH("PLU",E43)),"PLU",""))))))))) -> GLAMRR Q | G43: 3 | I43: =G43-H43 -> 3 | J43: bao bì bị bạc màu | K43: 46082 | L43: =TODAY() -> 46106 | M43: 36 | N43: =(K43-L43)/30 -> -0.8 | O43: =N43/M43 -> -0.022222222 | R43: 20/3/2026
A44: Guardian | B44: B2B | C44: Tháng 8 | D44: 8809491946260 | E44: Son môi GLAMRR Q (LONG WEAR LIP CREAM #12 LAVISH, 5g) | F44: =IF(ISNUMBER(SEARCH("gilaa",E44)),"GILAA", IF(ISNUMBER(SEARCH("GLAMRR Q",E44)),"GLAMRR Q", IF(ISNUMBER(SEARCH("BAD PEACH",E44)),"BAD PEACH", IF(ISNUMBER(SEARCH("VEGICK",E44)),"VEGICK", IF(ISNUMBER(SEARCH("DE MEMORIA",E44)),"DE MEMORIA", IF(ISNUMBER(SEARCH("MUDE",E44)),"MUDE", IF(ISNUMBER(SEARCH("daoida",E44)),"DAOIDA",IF(ISNUMBER(SEARCH("MEDIFORCELL",E44)),"MEDIFORCELL",IF(ISNUMBER(SEARCH("PLU",E44)),"PLU",""))))))))) -> GLAMRR Q | G44: 10 | I44: =G44-H44 -> 10 | J44: sản phẩm nguyên vẹn | K44: 46082 | L44: =TODAY() -> 46106 | M44: 36 | N44: =(K44-L44)/30 -> -0.8 | O44: =N44/M44 -> -0.022222222 | R44: 20/3/2026
A45: Guardian | B45: B2B | C45: Tháng 8 | D45: 8809875904862 | E45: Phấn nước trang điểm GLAMRR Q (VEGAN SUPER COVER CUSHION #01 LIGHT BEIGE, 15g) | F45: =IF(ISNUMBER(SEARCH("gilaa",E45)),"GILAA", IF(ISNUMBER(SEARCH("GLAMRR Q",E45)),"GLAMRR Q", IF(ISNUMBER(SEARCH("BAD PEACH",E45)),"BAD PEACH", IF(ISNUMBER(SEARCH("VEGICK",E45)),"VEGICK", IF(ISNUMBER(SEARCH("DE MEMORIA",E45)),"DE MEMORIA", IF(ISNUMBER(SEARCH("MUDE",E45)),"MUDE", IF(ISNUMBER(SEARCH("daoida",E45)),"DAOIDA",IF(ISNUMBER(SEARCH("MEDIFORCELL",E45)),"MEDIFORCELL",IF(ISNUMBER(SEARCH("PLU",E45)),"PLU",""))))))))) -> GLAMRR Q | G45: 15 | I45: =G45-H45 -> 15 | J45: sản phẩm nguyên vẹn | K45: 46089 | L45: =TODAY() -> 46106 | M45: 36 | N45: =(K45-L45)/30 -> -0.56666667 | O45: =N45/M45 -> -0.015740741 | R45: 20/3/2026
A46: Guardian | B46: B2B | C46: Tháng 8 | D46: 8809875904862 | E46: Phấn nước trang điểm GLAMRR Q (VEGAN SUPER COVER CUSHION #01 LIGHT BEIGE, 15g) | F46: =IF(ISNUMBER(SEARCH("gilaa",E46)),"GILAA", IF(ISNUMBER(SEARCH("GLAMRR Q",E46)),"GLAMRR Q", IF(ISNUMBER(SEARCH("BAD PEACH",E46)),"BAD PEACH", IF(ISNUMBER(SEARCH("VEGICK",E46)),"VEGICK", IF(ISNUMBER(SEARCH("DE MEMORIA",E46)),"DE MEMORIA", IF(ISNUMBER(SEARCH("MUDE",E46)),"MUDE", IF(ISNUMBER(SEARCH("daoida",E46)),"DAOIDA",IF(ISNUMBER(SEARCH("MEDIFORCELL",E46)),"MEDIFORCELL",IF(ISNUMBER(SEARCH("PLU",E46)),"PLU",""))))))))) -> GLAMRR Q | G46: 17 | I46: =G46-H46 -> 17 | J46: bao bì bị bạc màu | K46: 46089 | L46: =TODAY() -> 46106 | M46: 36 | N46: =(K46-L46)/30 -> -0.56666667 | O46: =N46/M46 -> -0.015740741 | R46: 20/3/2026
A47: Guardian | B47: B2B | C47: Tháng 8 | D47: 8809875904879 | E47: Phấn nước trang điểm GLAMRR Q (VEGAN SUPER COVER CUSHION #02 NATURAL BEIGE, 15g) | F47: =IF(ISNUMBER(SEARCH("gilaa",E47)),"GILAA", IF(ISNUMBER(SEARCH("GLAMRR Q",E47)),"GLAMRR Q", IF(ISNUMBER(SEARCH("BAD PEACH",E47)),"BAD PEACH", IF(ISNUMBER(SEARCH("VEGICK",E47)),"VEGICK", IF(ISNUMBER(SEARCH("DE MEMORIA",E47)),"DE MEMORIA", IF(ISNUMBER(SEARCH("MUDE",E47)),"MUDE", IF(ISNUMBER(SEARCH("daoida",E47)),"DAOIDA",IF(ISNUMBER(SEARCH("MEDIFORCELL",E47)),"MEDIFORCELL",IF(ISNUMBER(SEARCH("PLU",E47)),"PLU",""))))))))) -> GLAMRR Q | G47: 13 | I47: =G47-H47 -> 13 | J47: sản phẩm nguyên vẹn | K47: 46090 | L47: =TODAY() -> 46106 | M47: 36 | N47: =(K47-L47)/30 -> -0.53333333 | O47: =N47/M47 -> -0.014814815 | R47: 20/3/2026
A48: Guardian | B48: B2B | C48: Tháng 8 | D48: 8809875904879 | E48: Phấn nước trang điểm GLAMRR Q (VEGAN SUPER COVER CUSHION #02 NATURAL BEIGE, 15g) | F48: =IF(ISNUMBER(SEARCH("gilaa",E48)),"GILAA", IF(ISNUMBER(SEARCH("GLAMRR Q",E48)),"GLAMRR Q", IF(ISNUMBER(SEARCH("BAD PEACH",E48)),"BAD PEACH", IF(ISNUMBER(SEARCH("VEGICK",E48)),"VEGICK", IF(ISNUMBER(SEARCH("DE MEMORIA",E48)),"DE MEMORIA", IF(ISNUMBER(SEARCH("MUDE",E48)),"MUDE", IF(ISNUMBER(SEARCH("daoida",E48)),"DAOIDA",IF(ISNUMBER(SEARCH("MEDIFORCELL",E48)),"MEDIFORCELL",IF(ISNUMBER(SEARCH("PLU",E48)),"PLU",""))))))))) -> GLAMRR Q | G48: 34 | I48: =G48-H48 -> 34 | J48: bao bì bị bạc màu | K48: 46090 | L48: =TODAY() -> 46106 | M48: 36 | N48: =(K48-L48)/30 -> -0.53333333 | O48: =N48/M48 -> -0.014814815 | R48: 20/3/2026
A49: Guardian | B49: B2B | C49: Tháng 8 | D49: 8809526841393 | E49: Phấn nước trang điểm GLAMRR Q (VEGAN SUPER GLOW CUSHION #01 LIGHT BEIGE, 15g) | F49: =IF(ISNUMBER(SEARCH("gilaa",E49)),"GILAA", IF(ISNUMBER(SEARCH("GLAMRR Q",E49)),"GLAMRR Q", IF(ISNUMBER(SEARCH("BAD PEACH",E49)),"BAD PEACH", IF(ISNUMBER(SEARCH("VEGICK",E49)),"VEGICK", IF(ISNUMBER(SEARCH("DE MEMORIA",E49)),"DE MEMORIA", IF(ISNUMBER(SEARCH("MUDE",E49)),"MUDE", IF(ISNUMBER(SEARCH("daoida",E49)),"DAOIDA",IF(ISNUMBER(SEARCH("MEDIFORCELL",E49)),"MEDIFORCELL",IF(ISNUMBER(SEARCH("PLU",E49)),"PLU",""))))))))) -> GLAMRR Q | G49: 12 | I49: =G49-H49 -> 12 | J49: bao bì bị bạc màu | K49: 46104 | L49: =TODAY() -> 46106 | M49: 36 | N49: =(K49-L49)/30 -> -0.066666667 | O49: =N49/M49 -> -0.0018518519 | R49: 20/3/2026
A50: Guardian | B50: B2B | C50: Tháng 8 | D50: 8809526841393 | E50: Phấn nước trang điểm GLAMRR Q (VEGAN SUPER GLOW CUSHION #01 LIGHT BEIGE, 15g) | F50: =IF(ISNUMBER(SEARCH("gilaa",E50)),"GILAA", IF(ISNUMBER(SEARCH("GLAMRR Q",E50)),"GLAMRR Q", IF(ISNUMBER(SEARCH("BAD PEACH",E50)),"BAD PEACH", IF(ISNUMBER(SEARCH("VEGICK",E50)),"VEGICK", IF(ISNUMBER(SEARCH("DE MEMORIA",E50)),"DE MEMORIA", IF(ISNUMBER(SEARCH("MUDE",E50)),"MUDE", IF(ISNUMBER(SEARCH("daoida",E50)),"DAOIDA",IF(ISNUMBER(SEARCH("MEDIFORCELL",E50)),"MEDIFORCELL",IF(ISNUMBER(SEARCH("PLU",E50)),"PLU",""))))))))) -> GLAMRR Q | G50: 1 | I50: =G50-H50 -> 1 | J50: bao bì bị cấn móp | K50: 46104 | L50: =TODAY() -> 46106 | M50: 36 | N50: =(K50-L50)/30 -> -0.066666667 | O50: =N50/M50 -> -0.0018518519 | R50: 20/3/2026
A51: Guardian | B51: B2B | C51: Tháng 8 | D51: 8809526841409 | E51: Phấn nước trang điểm GLAMRR Q (VEGAN SUPER GLOW CUSHION #02 NATURAL BEIGE, 15g) | F51: =IF(ISNUMBER(SEARCH("gilaa",E51)),"GILAA", IF(ISNUMBER(SEARCH("GLAMRR Q",E51)),"GLAMRR Q", IF(ISNUMBER(SEARCH("BAD PEACH",E51)),"BAD PEACH", IF(ISNUMBER(SEARCH("VEGICK",E51)),"VEGICK", IF(ISNUMBER(SEARCH("DE MEMORIA",E51)),"DE MEMORIA", IF(ISNUMBER(SEARCH("MUDE",E51)),"MUDE", IF(ISNUMBER(SEARCH("daoida",E51)),"DAOIDA",IF(ISNUMBER(SEARCH("MEDIFORCELL",E51)),"MEDIFORCELL",IF(ISNUMBER(SEARCH("PLU",E51)),"PLU",""))))))))) -> GLAMRR Q | G51: 10 | I51: =G51-H51 -> 10 | J51: bao bì bị bạc màu | K51: 46104 | L51: =TODAY() -> 46106 | M51: 36 | N51: =(K51-L51)/30 -> -0.066666667 | O51: =N51/M51 -> -0.0018518519 | R51: 20/3/2026
A52: Guardian | B52: B2B | C52: Tháng 8 | D52: 8809526841409 | E52: Phấn nước trang điểm GLAMRR Q (VEGAN SUPER GLOW CUSHION #02 NATURAL BEIGE, 15g) | F52: =IF(ISNUMBER(SEARCH("gilaa",E52)),"GILAA", IF(ISNUMBER(SEARCH("GLAMRR Q",E52)),"GLAMRR Q", IF(ISNUMBER(SEARCH("BAD PEACH",E52)),"BAD PEACH", IF(ISNUMBER(SEARCH("VEGICK",E52)),"VEGICK", IF(ISNUMBER(SEARCH("DE MEMORIA",E52)),"DE MEMORIA", IF(ISNUMBER(SEARCH("MUDE",E52)),"MUDE", IF(ISNUMBER(SEARCH("daoida",E52)),"DAOIDA",IF(ISNUMBER(SEARCH("MEDIFORCELL",E52)),"MEDIFORCELL",IF(ISNUMBER(SEARCH("PLU",E52)),"PLU",""))))))))) -> GLAMRR Q | G52: 1 | I52: =G52-H52 -> 1 | J52: bao bì bị cấn móp | K52: 46104 | L52: =TODAY() -> 46106 | M52: 36 | N52: =(K52-L52)/30 -> -0.066666667 | O52: =N52/M52 -> -0.0018518519 | R52: 20/3/2026
A53: Guardian | B53: B2B | C53: Tháng 8 | D53: 8809864752238 | E53: Phấn nước trang điểm GLAMRR Q (LONG WEAR DD CUSHION #01 LIGHT BEIGE, 13g) | F53: =IF(ISNUMBER(SEARCH("gilaa",E53)),"GILAA", IF(ISNUMBER(SEARCH("GLAMRR Q",E53)),"GLAMRR Q", IF(ISNUMBER(SEARCH("BAD PEACH",E53)),"BAD PEACH", IF(ISNUMBER(SEARCH("VEGICK",E53)),"VEGICK", IF(ISNUMBER(SEARCH("DE MEMORIA",E53)),"DE MEMORIA", IF(ISNUMBER(SEARCH("MUDE",E53)),"MUDE", IF(ISNUMBER(SEARCH("daoida",E53)),"DAOIDA",IF(ISNUMBER(SEARCH("MEDIFORCELL",E53)),"MEDIFORCELL",IF(ISNUMBER(SEARCH("PLU",E53)),"PLU",""))))))))) -> GLAMRR Q | G53: 1 | I53: =G53-H53 -> 1 | J53: sản phẩm nguyên vẹn | K53: 46116 | L53: =TODAY() -> 46106 | M53: 36 | N53: =(K53-L53)/30 -> 0.33333333 | O53: =N53/M53 -> 0.0092592593 | R53: 20/3/2026
A54: Guardian | B54: B2B | C54: Tháng 8 | D54: 8809864752238 | E54: Phấn nước trang điểm GLAMRR Q (LONG WEAR DD CUSHION #01 LIGHT BEIGE, 13g) | F54: =IF(ISNUMBER(SEARCH("gilaa",E54)),"GILAA", IF(ISNUMBER(SEARCH("GLAMRR Q",E54)),"GLAMRR Q", IF(ISNUMBER(SEARCH("BAD PEACH",E54)),"BAD PEACH", IF(ISNUMBER(SEARCH("VEGICK",E54)),"VEGICK", IF(ISNUMBER(SEARCH("DE MEMORIA",E54)),"DE MEMORIA", IF(ISNUMBER(SEARCH("MUDE",E54)),"MUDE", IF(ISNUMBER(SEARCH("daoida",E54)),"DAOIDA",IF(ISNUMBER(SEARCH("MEDIFORCELL",E54)),"MEDIFORCELL",IF(ISNUMBER(SEARCH("PLU",E54)),"PLU",""))))))))) -> GLAMRR Q | G54: 9 | I54: =G54-H54 -> 9 | J54: bao bì bị bạc màu | K54: 46116 | L54: =TODAY() -> 46106 | M54: 36 | N54: =(K54-L54)/30 -> 0.33333333 | O54: =N54/M54 -> 0.0092592593 | R54: 20/3/2026
... A87: Guardian | B87: B2B | C87: Tháng 8 | D87: 8809491946239 | E87: Son môi GLAMRR Q (LONG WEAR LIP CREAM #09 HEI HEI, 5g) | F87: =IF(ISNUMBER(SEARCH("gilaa",E87)),"GILAA", IF(ISNUMBER(SEARCH("GLAMRR Q",E87)),"GLAMRR Q", IF(ISNUMBER(SEARCH("BAD PEACH",E87)),"BAD PEACH", IF(ISNUMBER(SEARCH("VEGICK",E87)),"VEGICK", IF(ISNUMBER(SEARCH("DE MEMORIA",E87)),"DE MEMORIA", IF(ISNUMBER(SEARCH("MUDE",E87)),"MUDE", IF(ISNUMBER(SEARCH("daoida",E87)),"DAOIDA",IF(ISNUMBER(SEARCH("MEDIFORCELL",E87)),"MEDIFORCELL",IF(ISNUMBER(SEARCH("PLU",E87)),"PLU",""))))))))) -> GLAMRR Q | G87: 1 | I87: =G87-H87 -> 1 | J87: sản phẩm nguyên vẹn | K87: 46472 | L87: =TODAY() -> 46106 | M87: 36 | N87: =(K87-L87)/30 -> 12.2 | O87: =N87/M87 -> 0.33888889 | R87: 20/3/2026
A88: Guardian | B88: B2B | C88: Tháng 9 | D88: 8809203078210 | E88: Thực phẩm bổ sung GILAA (5K COLLAGEN BRIGHT BOOSTER WITH SAFFRON, 20g x 15), hộp 15 gói | F88: =IF(ISNUMBER(SEARCH("gilaa",E88)),"GILAA", IF(ISNUMBER(SEARCH("GLAMRR Q",E88)),"GLAMRR Q", IF(ISNUMBER(SEARCH("BAD PEACH",E88)),"BAD PEACH", IF(ISNUMBER(SEARCH("VEGICK",E88)),"VEGICK", IF(ISNUMBER(SEARCH("DE MEMORIA",E88)),"DE MEMORIA", IF(ISNUMBER(SEARCH("MUDE",E88)),"MUDE", IF(ISNUMBER(SEARCH("daoida",E88)),"DAOIDA",IF(ISNUMBER(SEARCH("MEDIFORCELL",E88)),"MEDIFORCELL",IF(ISNUMBER(SEARCH("PLU",E88)),"PLU",""))))))))) -> GILAA | G88: 2 | I88: =G88-H88 -> 2 | J88: sản phẩm nguyên vẹn | K88: 46268 | L88: =TODAY() -> 46106 | M88: 36 | N88: =(K88-L88)/30 -> 5.4 | O88: =N88/M88 -> 0.15 | Q88: B2B lên đơn trên CRM, KT check sl giúp nha | R88: 20/3/2026
A89: Guardian | B89: B2B | C89: Tháng 9 | D89: 8809491946154 | E89: Son môi GLAMRR Q (LONG WEAR LIP CREAM #01 GLAD DAY, 5g) | F89: =IF(ISNUMBER(SEARCH("gilaa",E89)),"GILAA", IF(ISNUMBER(SEARCH("GLAMRR Q",E89)),"GLAMRR Q", IF(ISNUMBER(SEARCH("BAD PEACH",E89)),"BAD PEACH", IF(ISNUMBER(SEARCH("VEGICK",E89)),"VEGICK", IF(ISNUMBER(SEARCH("DE MEMORIA",E89)),"DE MEMORIA", IF(ISNUMBER(SEARCH("MUDE",E89)),"MUDE", IF(ISNUMBER(SEARCH("daoida",E89)),"DAOIDA",IF(ISNUMBER(SEARCH("MEDIFORCELL",E89)),"MEDIFORCELL",IF(ISNUMBER(SEARCH("PLU",E89)),"PLU",""))))))))) -> GLAMRR Q | G89: 6 | I89: =G89-H89 -> 6 | J89: bao bì bạc màu | K89: 46052 | L89: =TODAY() -> 46106 | M89: 36 | N89: =(K89-L89)/30 -> -1.8 | O89: =N89/M89 -> -0.05 | R89: 20/3/2026
A90: Guardian | B90: B2B | C90: Tháng 9 | D90: 8809491946154 | E90: Son môi GLAMRR Q (LONG WEAR LIP CREAM #01 GLAD DAY, 5g) | F90: =IF(ISNUMBER(SEARCH("gilaa",E90)),"GILAA", IF(ISNUMBER(SEARCH("GLAMRR Q",E90)),"GLAMRR Q", IF(ISNUMBER(SEARCH("BAD PEACH",E90)),"BAD PEACH", IF(ISNUMBER(SEARCH("VEGICK",E90)),"VEGICK", IF(ISNUMBER(SEARCH("DE MEMORIA",E90)),"DE MEMORIA", IF(ISNUMBER(SEARCH("MUDE",E90)),"MUDE", IF(ISNUMBER(SEARCH("daoida",E90)),"DAOIDA",IF(ISNUMBER(SEARCH("MEDIFORCELL",E90)),"MEDIFORCELL",IF(ISNUMBER(SEARCH("PLU",E90)),"PLU",""))))))))) -> GLAMRR Q | G90: =29+7 -> 36 | I90: =G90-H90 -> 36 | J90: bao bì bạc màu | K90: 46222 | L90: =TODAY() -> 46106 | M90: 36 | N90: =(K90-L90)/30 -> 3.8666667 | O90: =N90/M90 -> 0.10740741 | R90: 20/3/2026
A91: Guardian | B91: B2B | C91: Tháng 9 | D91: 8809491946154 | E91: Son môi GLAMRR Q (LONG WEAR LIP CREAM #01 GLAD DAY, 5g) | F91: =IF(ISNUMBER(SEARCH("gilaa",E91)),"GILAA", IF(ISNUMBER(SEARCH("GLAMRR Q",E91)),"GLAMRR Q", IF(ISNUMBER(SEARCH("BAD PEACH",E91)),"BAD PEACH", IF(ISNUMBER(SEARCH("VEGICK",E91)),"VEGICK", IF(ISNUMBER(SEARCH("DE MEMORIA",E91)),"DE MEMORIA", IF(ISNUMBER(SEARCH("MUDE",E91)),"MUDE", IF(ISNUMBER(SEARCH("daoida",E91)),"DAOIDA",IF(ISNUMBER(SEARCH("MEDIFORCELL",E91)),"MEDIFORCELL",IF(ISNUMBER(SEARCH("PLU",E91)),"PLU",""))))))))) -> GLAMRR Q | G91: 5 | I91: =G91-H91 -> 5 | J91: bao bì bạc màu | K91: 46349 | L91: =TODAY() -> 46106 | M91: 36 | N91: =(K91-L91)/30 -> 8.1 | O91: =N91/M91 -> 0.225 | R91: 20/3/2026
A92: Guardian | B92: B2B | C92: Tháng 9 | D92: 8809491946154 | E92: Son môi GLAMRR Q (LONG WEAR LIP CREAM #01 GLAD DAY, 5g) | F92: =IF(ISNUMBER(SEARCH("gilaa",E92)),"GILAA", IF(ISNUMBER(SEARCH("GLAMRR Q",E92)),"GLAMRR Q", IF(ISNUMBER(SEARCH("BAD PEACH",E92)),"BAD PEACH", IF(ISNUMBER(SEARCH("VEGICK",E92)),"VEGICK", IF(ISNUMBER(SEARCH("DE MEMORIA",E92)),"DE MEMORIA", IF(ISNUMBER(SEARCH("MUDE",E92)),"MUDE", IF(ISNUMBER(SEARCH("daoida",E92)),"DAOIDA",IF(ISNUMBER(SEARCH("MEDIFORCELL",E92)),"MEDIFORCELL",IF(ISNUMBER(SEARCH("PLU",E92)),"PLU",""))))))))) -> GLAMRR Q | G92: 100 | H92: 1 | I92: =G92-H92 -> 99 | J92: bao bì bạc màu | K92: 46640 | L92: =TODAY() -> 46106 | M92: 36 | N92: =(K92-L92)/30 -> 17.8 | O92: =N92/M92 -> 0.49444444 | Q92: https://workflow.base.vn/job/3581351 | R92: 20/3/2026
A93: Guardian | B93: B2B | C93: Tháng 9 | D93: 8809491946161 | E93: Son môi GLAMRR Q (LONG WEAR LIP CREAM #02 LOVELY DAY, 5g) | F93: =IF(ISNUMBER(SEARCH("gilaa",E93)),"GILAA", IF(ISNUMBER(SEARCH("GLAMRR Q",E93)),"GLAMRR Q", IF(ISNUMBER(SEARCH("BAD PEACH",E93)),"BAD PEACH", IF(ISNUMBER(SEARCH("VEGICK",E93)),"VEGICK", IF(ISNUMBER(SEARCH("DE MEMORIA",E93)),"DE MEMORIA", IF(ISNUMBER(SEARCH("MUDE",E93)),"MUDE", IF(ISNUMBER(SEARCH("daoida",E93)),"DAOIDA",IF(ISNUMBER(SEARCH("MEDIFORCELL",E93)),"MEDIFORCELL",IF(ISNUMBER(SEARCH("PLU",E93)),"PLU",""))))))))) -> GLAMRR Q | G93: 11 | I93: =G93-H93 -> 11 | J93: bao bì bạc màu | K93: 46061 | L93: =TODAY() -> 46106 | M93: 36 | N93: =(K93-L93)/30 -> -1.5 | O93: =N93/M93 -> -0.041666667 | R93: 20/3/2026
A94: Guardian | B94: B2B | C94: Tháng 9 | D94: 8809491946161 | E94: Son môi GLAMRR Q (LONG WEAR LIP CREAM #02 LOVELY DAY, 5g) | F94: =IF(ISNUMBER(SEARCH("gilaa",E94)),"GILAA", IF(ISNUMBER(SEARCH("GLAMRR Q",E94)),"GLAMRR Q", IF(ISNUMBER(SEARCH("BAD PEACH",E94)),"BAD PEACH", IF(ISNUMBER(SEARCH("VEGICK",E94)),"VEGICK", IF(ISNUMBER(SEARCH("DE MEMORIA",E94)),"DE MEMORIA", IF(ISNUMBER(SEARCH("MUDE",E94)),"MUDE", IF(ISNUMBER(SEARCH("daoida",E94)),"DAOIDA",IF(ISNUMBER(SEARCH("MEDIFORCELL",E94)),"MEDIFORCELL",IF(ISNUMBER(SEARCH("PLU",E94)),"PLU",""))))))))) -> GLAMRR Q | G94: 8 | I94: =G94-H94 -> 8 | J94: bao bì bạc màu | K94: 46201 | L94: =TODAY() -> 46106 | M94: 36 | N94: =(K94-L94)/30 -> 3.1666667 | O94: =N94/M94 -> 0.087962963 | R94: 20/3/2026
A95: Guardian | B95: B2B | C95: Tháng 9 | D95: 8809491946178 | E95: Son môi GLAMRR Q (LONG WEAR LIP CREAM #03 SUNSHINE DAY, 5g) | F95: =IF(ISNUMBER(SEARCH("gilaa",E95)),"GILAA", IF(ISNUMBER(SEARCH("GLAMRR Q",E95)),"GLAMRR Q", IF(ISNUMBER(SEARCH("BAD PEACH",E95)),"BAD PEACH", IF(ISNUMBER(SEARCH("VEGICK",E95)),"VEGICK", IF(ISNUMBER(SEARCH("DE MEMORIA",E95)),"DE MEMORIA", IF(ISNUMBER(SEARCH("MUDE",E95)),"MUDE", IF(ISNUMBER(SEARCH("daoida",E95)),"DAOIDA",IF(ISNUMBER(SEARCH("MEDIFORCELL",E95)),"MEDIFORCELL",IF(ISNUMBER(SEARCH("PLU",E95)),"PLU",""))))))))) -> GLAMRR Q | G95: 7 | I95: =G95-H95 -> 7 | J95: bao bì bạc màu | K95: 46061 | L95: =TODAY() -> 46106 | M95: 36 | N95: =(K95-L95)/30 -> -1.5 | O95: =N95/M95 -> -0.041666667 | R95: 20/3/2026
A96: Guardian | B96: B2B | C96: Tháng 9 | D96: 8809491946185 | E96: Son môi GLAMRR Q (LONG WEAR LIP CREAM #04 FIRST DAY, 5g) | F96: =IF(ISNUMBER(SEARCH("gilaa",E96)),"GILAA", IF(ISNUMBER(SEARCH("GLAMRR Q",E96)),"GLAMRR Q", IF(ISNUMBER(SEARCH("BAD PEACH",E96)),"BAD PEACH", IF(ISNUMBER(SEARCH("VEGICK",E96)),"VEGICK", IF(ISNUMBER(SEARCH("DE MEMORIA",E96)),"DE MEMORIA", IF(ISNUMBER(SEARCH("MUDE",E96)),"MUDE", IF(ISNUMBER(SEARCH("daoida",E96)),"DAOIDA",IF(ISNUMBER(SEARCH("MEDIFORCELL",E96)),"MEDIFORCELL",IF(ISNUMBER(SEARCH("PLU",E96)),"PLU",""))))))))) -> GLAMRR Q | G96: 6 | I96: =G96-H96 -> 6 | J96: bao bì bạc màu | K96: 46061 | L96: =TODAY() -> 46106 | M96: 36 | N96: =(K96-L96)/30 -> -1.5 | O96: =N96/M96 -> -0.041666667 | R96: 20/3/2026
A97: Guardian | B97: B2B | C97: Tháng 9 | D97: 8809491946185 | E97: Son môi GLAMRR Q (LONG WEAR LIP CREAM #04 FIRST DAY, 5g) | F97: =IF(ISNUMBER(SEARCH("gilaa",E97)),"GILAA", IF(ISNUMBER(SEARCH("GLAMRR Q",E97)),"GLAMRR Q", IF(ISNUMBER(SEARCH("BAD PEACH",E97)),"BAD PEACH", IF(ISNUMBER(SEARCH("VEGICK",E97)),"VEGICK", IF(ISNUMBER(SEARCH("DE MEMORIA",E97)),"DE MEMORIA", IF(ISNUMBER(SEARCH("MUDE",E97)),"MUDE", IF(ISNUMBER(SEARCH("daoida",E97)),"DAOIDA",IF(ISNUMBER(SEARCH("MEDIFORCELL",E97)),"MEDIFORCELL",IF(ISNUMBER(SEARCH("PLU",E97)),"PLU",""))))))))) -> GLAMRR Q | G97: 16 | I97: =G97-H97 -> 16 | J97: bao bì bạc màu | K97: 46221 | L97: =TODAY() -> 46106 | M97: 36 | N97: =(K97-L97)/30 -> 3.8333333 | O97: =N97/M97 -> 0.10648148 | R97: 20/3/2026
A98: Guardian | B98: B2B | C98: Tháng 9 | D98: 8809491946185 | E98: Son môi GLAMRR Q (LONG WEAR LIP CREAM #04 FIRST DAY, 5g) | F98: =IF(ISNUMBER(SEARCH("gilaa",E98)),"GILAA", IF(ISNUMBER(SEARCH("GLAMRR Q",E98)),"GLAMRR Q", IF(ISNUMBER(SEARCH("BAD PEACH",E98)),"BAD PEACH", IF(ISNUMBER(SEARCH("VEGICK",E98)),"VEGICK", IF(ISNUMBER(SEARCH("DE MEMORIA",E98)),"DE MEMORIA", IF(ISNUMBER(SEARCH("MUDE",E98)),"MUDE", IF(ISNUMBER(SEARCH("daoida",E98)),"DAOIDA",IF(ISNUMBER(SEARCH("MEDIFORCELL",E98)),"MEDIFORCELL",IF(ISNUMBER(SEARCH("PLU",E98)),"PLU",""))))))))) -> GLAMRR Q | G98: 7 | I98: =G98-H98 -> 7 | J98: bao bì bạc màu | K98: 46349 | L98: =TODAY() -> 46106 | M98: 36 | N98: =(K98-L98)/30 -> 8.1 | O98: =N98/M98 -> 0.225 | R98: 20/3/2026
A99: Guardian | B99: B2B | C99: Tháng 9 | D99: 8809491946192 | E99: Son môi GLAMRR Q (LONG WEAR LIP CREAM #05 GLOOMY DAY, 5g) | F99: =IF(ISNUMBER(SEARCH("gilaa",E99)),"GILAA", IF(ISNUMBER(SEARCH("GLAMRR Q",E99)),"GLAMRR Q", IF(ISNUMBER(SEARCH("BAD PEACH",E99)),"BAD PEACH", IF(ISNUMBER(SEARCH("VEGICK",E99)),"VEGICK", IF(ISNUMBER(SEARCH("DE MEMORIA",E99)),"DE MEMORIA", IF(ISNUMBER(SEARCH("MUDE",E99)),"MUDE", IF(ISNUMBER(SEARCH("daoida",E99)),"DAOIDA",IF(ISNUMBER(SEARCH("MEDIFORCELL",E99)),"MEDIFORCELL",IF(ISNUMBER(SEARCH("PLU",E99)),"PLU",""))))))))) -> GLAMRR Q | G99: 1 | I99: =G99-H99 -> 1 | J99: bao bì bạc màu | K99: 46061 | L99: =TODAY() -> 46106 | M99: 36 | N99: =(K99-L99)/30 -> -1.5 | O99: =N99/M99 -> -0.041666667 | R99: 20/3/2026
A100: Guardian | B100: B2B | C100: Tháng 9 | D100: 8809491946192 | E100: Son môi GLAMRR Q (LONG WEAR LIP CREAM #05 GLOOMY DAY, 5g) | F100: =IF(ISNUMBER(SEARCH("gilaa",E100)),"GILAA", IF(ISNUMBER(SEARCH("GLAMRR Q",E100)),"GLAMRR Q", IF(ISNUMBER(SEARCH("BAD PEACH",E100)),"BAD PEACH", IF(ISNUMBER(SEARCH("VEGICK",E100)),"VEGICK", IF(ISNUMBER(SEARCH("DE MEMORIA",E100)),"DE MEMORIA", IF(ISNUMBER(SEARCH("MUDE",E100)),"MUDE", IF(ISNUMBER(SEARCH("daoida",E100)),"DAOIDA",IF(ISNUMBER(SEARCH("MEDIFORCELL",E100)),"MEDIFORCELL",IF(ISNUMBER(SEARCH("PLU",E100)),"PLU",""))))))))) -> GLAMRR Q | G100: 64 | I100: =G100-H100 -> 64 | J100: bao bì bạc màu | K100: 46313 | L100: =TODAY() -> 46106 | M100: 36 | N100: =(K100-L100)/30 -> 6.9 | O100: =N100/M100 -> 0.19166667 | R100: 20/3/2026
A101: Guardian | B101: B2B | C101: Tháng 9 | D101: 8809491946192 | E101: Son môi GLAMRR Q (LONG WEAR LIP CREAM #05 GLOOMY DAY, 5g) | F101: =IF(ISNUMBER(SEARCH("gilaa",E101)),"GILAA", IF(ISNUMBER(SEARCH("GLAMRR Q",E101)),"GLAMRR Q", IF(ISNUMBER(SEARCH("BAD PEACH",E101)),"BAD PEACH", IF(ISNUMBER(SEARCH("VEGICK",E101)),"VEGICK", IF(ISNUMBER(SEARCH("DE MEMORIA",E101)),"DE MEMORIA", IF(ISNUMBER(SEARCH("MUDE",E101)),"MUDE", IF(ISNUMBER(SEARCH("daoida",E101)),"DAOIDA",IF(ISNUMBER(SEARCH("MEDIFORCELL",E101)),"MEDIFORCELL",IF(ISNUMBER(SEARCH("PLU",E101)),"PLU",""))))))))) -> GLAMRR Q | G101: 24 | I101: =G101-H101 -> 24 | J101: sản phẩm nguyên vẹn | K101: 46313 | L101: =TODAY() -> 46106 | M101: 36 | N101: =(K101-L101)/30 -> 6.9 | O101: =N101/M101 -> 0.19166667 | R101: 20/3/2026
A102: Guardian | B102: B2B | C102: Tháng 9 | D102: 8809491946192 | E102: Son môi GLAMRR Q (LONG WEAR LIP CREAM #05 GLOOMY DAY, 5g) | F102: =IF(ISNUMBER(SEARCH("gilaa",E102)),"GILAA", IF(ISNUMBER(SEARCH("GLAMRR Q",E102)),"GLAMRR Q", IF(ISNUMBER(SEARCH("BAD PEACH",E102)),"BAD PEACH", IF(ISNUMBER(SEARCH("VEGICK",E102)),"VEGICK", IF(ISNUMBER(SEARCH("DE MEMORIA",E102)),"DE MEMORIA", IF(ISNUMBER(SEARCH("MUDE",E102)),"MUDE", IF(ISNUMBER(SEARCH("daoida",E102)),"DAOIDA",IF(ISNUMBER(SEARCH("MEDIFORCELL",E102)),"MEDIFORCELL",IF(ISNUMBER(SEARCH("PLU",E102)),"PLU",""))))))))) -> GLAMRR Q | G102: 37 | H102: 37 | I102: =G102-H102 -> 0 | J102: sản phẩm nguyên vẹn | K102: 46472 | L102: =TODAY() -> 46106 | M102: 36 | N102: =(K102-L102)/30 -> 12.2 | O102: =N102/M102 -> 0.33888889 | Q102: https://workflow.base.vn/job/3429623 | R102: 20/3/2026
A103: Guardian | B103: B2B | C103: Tháng 9 | D103: 8809491946192 | E103: Son môi GLAMRR Q (LONG WEAR LIP CREAM #05 GLOOMY DAY, 5g) | F103: =IF(ISNUMBER(SEARCH("gilaa",E103)),"GILAA", IF(ISNUMBER(SEARCH("GLAMRR Q",E103)),"GLAMRR Q", IF(ISNUMBER(SEARCH("BAD PEACH",E103)),"BAD PEACH", IF(ISNUMBER(SEARCH("VEGICK",E103)),"VEGICK", IF(ISNUMBER(SEARCH("DE MEMORIA",E103)),"DE MEMORIA", IF(ISNUMBER(SEARCH("MUDE",E103)),"MUDE", IF(ISNUMBER(SEARCH("daoida",E103)),"DAOIDA",IF(ISNUMBER(SEARCH("MEDIFORCELL",E103)),"MEDIFORCELL",IF(ISNUMBER(SEARCH("PLU",E103)),"PLU",""))))))))) -> GLAMRR Q | G103: 50 | H103: =10+1 -> 11 | I103: =G103-H103 -> 39 | J103: bao bì bạc màu | K103: 46472 | L103: =TODAY() -> 46106 | M103: 36 | N103: =(K103-L103)/30 -> 12.2 | O103: =N103/M103 -> 0.33888889 | Q103: https://workflow.base.vn/job/3429623 | R103: 20/3/2026
A104: Guardian | B104: B2B | C104: Tháng 9 | D104: 8809491946208 | E104: Son môi GLAMRR Q (LONG WEAR LIP CREAM #06 RAINY DAY, 5g) | F104: =IF(ISNUMBER(SEARCH("gilaa",E104)),"GILAA", IF(ISNUMBER(SEARCH("GLAMRR Q",E104)),"GLAMRR Q", IF(ISNUMBER(SEARCH("BAD PEACH",E104)),"BAD PEACH", IF(ISNUMBER(SEARCH("VEGICK",E104)),"VEGICK", IF(ISNUMBER(SEARCH("DE MEMORIA",E104)),"DE MEMORIA", IF(ISNUMBER(SEARCH("MUDE",E104)),"MUDE", IF(ISNUMBER(SEARCH("daoida",E104)),"DAOIDA",IF(ISNUMBER(SEARCH("MEDIFORCELL",E104)),"MEDIFORCELL",IF(ISNUMBER(SEARCH("PLU",E104)),"PLU",""))))))))) -> GLAMRR Q | G104: 2 | I104: =G104-H104 -> 2 | J104: bao bì bạc màu | K104: 46201 | L104: =TODAY() -> 46106 | M104: 36 | N104: =(K104-L104)/30 -> 3.1666667 | O104: =N104/M104 -> 0.087962963 | R104: 20/3/2026
A105: Guardian | B105: B2B | C105: Tháng 9 | D105: 8809491946208 | E105: Son môi GLAMRR Q (LONG WEAR LIP CREAM #06 RAINY DAY, 5g) | F105: =IF(ISNUMBER(SEARCH("gilaa",E105)),"GILAA", IF(ISNUMBER(SEARCH("GLAMRR Q",E105)),"GLAMRR Q", IF(ISNUMBER(SEARCH("BAD PEACH",E105)),"BAD PEACH", IF(ISNUMBER(SEARCH("VEGICK",E105)),"VEGICK", IF(ISNUMBER(SEARCH("DE MEMORIA",E105)),"DE MEMORIA", IF(ISNUMBER(SEARCH("MUDE",E105)),"MUDE", IF(ISNUMBER(SEARCH("daoida",E105)),"DAOIDA",IF(ISNUMBER(SEARCH("MEDIFORCELL",E105)),"MEDIFORCELL",IF(ISNUMBER(SEARCH("PLU",E105)),"PLU",""))))))))) -> GLAMRR Q | G105: 19 | I105: =G105-H105 -> 19 | J105: bao bì bạc màu | K105: 46349 | L105: =TODAY() -> 46106 | M105: 36 | N105: =(K105-L105)/30 -> 8.1 | O105: =N105/M105 -> 0.225 | R105: 20/3/2026
A106: Guardian | B106: B2B | C106: Tháng 9 | D106: 8809491946215 | E106: Son môi GLAMRR Q (LONG WEAR LIP CREAM #07 RED-LETTER DAY, 5g) | F106: =IF(ISNUMBER(SEARCH("gilaa",E106)),"GILAA", IF(ISNUMBER(SEARCH("GLAMRR Q",E106)),"GLAMRR Q", IF(ISNUMBER(SEARCH("BAD PEACH",E106)),"BAD PEACH", IF(ISNUMBER(SEARCH("VEGICK",E106)),"VEGICK", IF(ISNUMBER(SEARCH("DE MEMORIA",E106)),"DE MEMORIA", IF(ISNUMBER(SEARCH("MUDE",E106)),"MUDE", IF(ISNUMBER(SEARCH("daoida",E106)),"DAOIDA",IF(ISNUMBER(SEARCH("MEDIFORCELL",E106)),"MEDIFORCELL",IF(ISNUMBER(SEARCH("PLU",E106)),"PLU",""))))))))) -> GLAMRR Q | G106: 9 | I106: =G106-H106 -> 9 | J106: bao bì bạc màu | K106: 46062 | L106: =TODAY() -> 46106 | M106: 36 | N106: =(K106-L106)/30 -> -1.4666667 | O106: =N106/M106 -> -0.040740741 | R106: 20/3/2026
A107: Guardian | B107: B2B | C107: Tháng 9 | D107: 8809491946215 | E107: Son môi GLAMRR Q (LONG WEAR LIP CREAM #07 RED-LETTER DAY, 5g) | F107: =IF(ISNUMBER(SEARCH("gilaa",E107)),"GILAA", IF(ISNUMBER(SEARCH("GLAMRR Q",E107)),"GLAMRR Q", IF(ISNUMBER(SEARCH("BAD PEACH",E107)),"BAD PEACH", IF(ISNUMBER(SEARCH("VEGICK",E107)),"VEGICK", IF(ISNUMBER(SEARCH("DE MEMORIA",E107)),"DE MEMORIA", IF(ISNUMBER(SEARCH("MUDE",E107)),"MUDE", IF(ISNUMBER(SEARCH("daoida",E107)),"DAOIDA",IF(ISNUMBER(SEARCH("MEDIFORCELL",E107)),"MEDIFORCELL",IF(ISNUMBER(SEARCH("PLU",E107)),"PLU",""))))))))) -> GLAMRR Q | G107: 12 | I107: =G107-H107 -> 12 | J107: bao bì bạc màu | K107: 46325 | L107: =TODAY() -> 46106 | M107: 36 | N107: =(K107-L107)/30 -> 7.3 | O107: =N107/M107 -> 0.20277778 | R107: 20/3/2026
A108: Guardian | B108: B2B | C108: Tháng 9 | D108: 8809491946222 | E108: Son môi GLAMRR Q (LONG WEAR LIP CREAM #08 TAKE A SIP, 5g) | F108: =IF(ISNUMBER(SEARCH("gilaa",E108)),"GILAA", IF(ISNUMBER(SEARCH("GLAMRR Q",E108)),"GLAMRR Q", IF(ISNUMBER(SEARCH("BAD PEACH",E108)),"BAD PEACH", IF(ISNUMBER(SEARCH("VEGICK",E108)),"VEGICK", IF(ISNUMBER(SEARCH("DE MEMORIA",E108)),"DE MEMORIA", IF(ISNUMBER(SEARCH("MUDE",E108)),"MUDE", IF(ISNUMBER(SEARCH("daoida",E108)),"DAOIDA",IF(ISNUMBER(SEARCH("MEDIFORCELL",E108)),"MEDIFORCELL",IF(ISNUMBER(SEARCH("PLU",E108)),"PLU",""))))))))) -> GLAMRR Q | G108: 3 | I108: =G108-H108 -> 3 | J108: bao bì bạc màu | K108: 46062 | L108: =TODAY() -> 46106 | M108: 36 | N108: =(K108-L108)/30 -> -1.4666667 | O108: =N108/M108 -> -0.040740741 | R108: 20/3/2026
A109: Guardian | B109: B2B | C109: Tháng 9 | D109: 8809491946222 | E109: Son môi GLAMRR Q (LONG WEAR LIP CREAM #08 TAKE A SIP, 5g) | F109: =IF(ISNUMBER(SEARCH("gilaa",E109)),"GILAA", IF(ISNUMBER(SEARCH("GLAMRR Q",E109)),"GLAMRR Q", IF(ISNUMBER(SEARCH("BAD PEACH",E109)),"BAD PEACH", IF(ISNUMBER(SEARCH("VEGICK",E109)),"VEGICK", IF(ISNUMBER(SEARCH("DE MEMORIA",E109)),"DE MEMORIA", IF(ISNUMBER(SEARCH("MUDE",E109)),"MUDE", IF(ISNUMBER(SEARCH("daoida",E109)),"DAOIDA",IF(ISNUMBER(SEARCH("MEDIFORCELL",E109)),"MEDIFORCELL",IF(ISNUMBER(SEARCH("PLU",E109)),"PLU",""))))))))) -> GLAMRR Q | G109: 54 | I109: =G109-H109 -> 54 | J109: sản phẩm nguyên vẹn | K109: 46107 | L109: =TODAY() -> 46106 | M109: 36 | N109: =(K109-L109)/30 -> 0.033333333 | O109: =N109/M109 -> 0.00092592593 | R109: 20/3/2026
A110: Guardian | B110: B2B | C110: Tháng 9 | D110: 8809491946222 | E110: Son môi GLAMRR Q (LONG WEAR LIP CREAM #08 TAKE A SIP, 5g) | F110: =IF(ISNUMBER(SEARCH("gilaa",E110)),"GILAA", IF(ISNUMBER(SEARCH("GLAMRR Q",E110)),"GLAMRR Q", IF(ISNUMBER(SEARCH("BAD PEACH",E110)),"BAD PEACH", IF(ISNUMBER(SEARCH("VEGICK",E110)),"VEGICK", IF(ISNUMBER(SEARCH("DE MEMORIA",E110)),"DE MEMORIA", IF(ISNUMBER(SEARCH("MUDE",E110)),"MUDE", IF(ISNUMBER(SEARCH("daoida",E110)),"DAOIDA",IF(ISNUMBER(SEARCH("MEDIFORCELL",E110)),"MEDIFORCELL",IF(ISNUMBER(SEARCH("PLU",E110)),"PLU",""))))))))) -> GLAMRR Q | G110: 49 | I110: =G110-H110 -> 49 | J110: bao bì bạc màu | K110: 46107 | L110: =TODAY() -> 46106 | M110: 36 | N110: =(K110-L110)/30 -> 0.033333333 | O110: =N110/M110 -> 0.00092592593 | R110: 20/3/2026
A111: Guardian | B111: B2B | C111: Tháng 9 | D111: 8809491946222 | E111: Son môi GLAMRR Q (LONG WEAR LIP CREAM #08 TAKE A SIP, 5g) | F111: =IF(ISNUMBER(SEARCH("gilaa",E111)),"GILAA", IF(ISNUMBER(SEARCH("GLAMRR Q",E111)),"GLAMRR Q", IF(ISNUMBER(SEARCH("BAD PEACH",E111)),"BAD PEACH", IF(ISNUMBER(SEARCH("VEGICK",E111)),"VEGICK", IF(ISNUMBER(SEARCH("DE MEMORIA",E111)),"DE MEMORIA", IF(ISNUMBER(SEARCH("MUDE",E111)),"MUDE", IF(ISNUMBER(SEARCH("daoida",E111)),"DAOIDA",IF(ISNUMBER(SEARCH("MEDIFORCELL",E111)),"MEDIFORCELL",IF(ISNUMBER(SEARCH("PLU",E111)),"PLU",""))))))))) -> GLAMRR Q | G111: 1 | I111: =G111-H111 -> 1 | J111: cấn móp bao bì | K111: 46107 | L111: =TODAY() -> 46106 | M111: 36 | N111: =(K111-L111)/30 -> 0.033333333 | O111: =N111/M111 -> 0.00092592593 | R111: 20/3/2026
A112: Guardian | B112: B2B | C112: Tháng 9 | D112: 8809491946222 | E112: Son môi GLAMRR Q (LONG WEAR LIP CREAM #08 TAKE A SIP, 5g) | F112: =IF(ISNUMBER(SEARCH("gilaa",E112)),"GILAA", IF(ISNUMBER(SEARCH("GLAMRR Q",E112)),"GLAMRR Q", IF(ISNUMBER(SEARCH("BAD PEACH",E112)),"BAD PEACH", IF(ISNUMBER(SEARCH("VEGICK",E112)),"VEGICK", IF(ISNUMBER(SEARCH("DE MEMORIA",E112)),"DE MEMORIA", IF(ISNUMBER(SEARCH("MUDE",E112)),"MUDE", IF(ISNUMBER(SEARCH("daoida",E112)),"DAOIDA",IF(ISNUMBER(SEARCH("MEDIFORCELL",E112)),"MEDIFORCELL",IF(ISNUMBER(SEARCH("PLU",E112)),"PLU",""))))))))) -> GLAMRR Q | G112: 44 | I112: =G112-H112 -> 44 | J112: bao bì bạc màu | K112: 46275 | L112: =TODAY() -> 46106 | M112: 36 | N112: =(K112-L112)/30 -> 5.6333333 | O112: =N112/M112 -> 0.15648148 | R112: 20/3/2026
A113: Guardian | B113: B2B | C113: Tháng 9 | D113: 8809491946222 | E113: Son môi GLAMRR Q (LONG WEAR LIP CREAM #08 TAKE A SIP, 5g) | F113: =IF(ISNUMBER(SEARCH("gilaa",E113)),"GILAA", IF(ISNUMBER(SEARCH("GLAMRR Q",E113)),"GLAMRR Q", IF(ISNUMBER(SEARCH("BAD PEACH",E113)),"BAD PEACH", IF(ISNUMBER(SEARCH("VEGICK",E113)),"VEGICK", IF(ISNUMBER(SEARCH("DE MEMORIA",E113)),"DE MEMORIA", IF(ISNUMBER(SEARCH("MUDE",E113)),"MUDE", IF(ISNUMBER(SEARCH("daoida",E113)),"DAOIDA",IF(ISNUMBER(SEARCH("MEDIFORCELL",E113)),"MEDIFORCELL",IF(ISNUMBER(SEARCH("PLU",E113)),"PLU",""))))))))) -> GLAMRR Q | G113: 13 | I113: =G113-H113 -> 13 | J113: sản phẩm nguyên vẹn | K113: 46275 | L113: =TODAY() -> 46106 | M113: 36 | N113: =(K113-L113)/30 -> 5.6333333 | O113: =N113/M113 -> 0.15648148 | R113: 20/3/2026
A114: Guardian | B114: B2B | C114: Tháng 9 | D114: 8809491946239 | E114: Son môi GLAMRR Q (LONG WEAR LIP CREAM #09 HEI HEI, 5g) | F114: =IF(ISNUMBER(SEARCH("gilaa",E114)),"GILAA", IF(ISNUMBER(SEARCH("GLAMRR Q",E114)),"GLAMRR Q", IF(ISNUMBER(SEARCH("BAD PEACH",E114)),"BAD PEACH", IF(ISNUMBER(SEARCH("VEGICK",E114)),"VEGICK", IF(ISNUMBER(SEARCH("DE MEMORIA",E114)),"DE MEMORIA", IF(ISNUMBER(SEARCH("MUDE",E114)),"MUDE", IF(ISNUMBER(SEARCH("daoida",E114)),"DAOIDA",IF(ISNUMBER(SEARCH("MEDIFORCELL",E114)),"MEDIFORCELL",IF(ISNUMBER(SEARCH("PLU",E114)),"PLU",""))))))))) -> GLAMRR Q | G114: 7 | I114: =G114-H114 -> 7 | J114: bao bì bạc màu | K114: 46062 | L114: =TODAY() -> 46106 | M114: 36 | N114: =(K114-L114)/30 -> -1.4666667 | O114: =N114/M114 -> -0.040740741 | R114: 20/3/2026
A115: Guardian | B115: B2B | C115: Tháng 9 | D115: 8809491946239 | E115: Son môi GLAMRR Q (LONG WEAR LIP CREAM #09 HEI HEI, 5g) | F115: =IF(ISNUMBER(SEARCH("gilaa",E115)),"GILAA", IF(ISNUMBER(SEARCH("GLAMRR Q",E115)),"GLAMRR Q", IF(ISNUMBER(SEARCH("BAD PEACH",E115)),"BAD PEACH", IF(ISNUMBER(SEARCH("VEGICK",E115)),"VEGICK", IF(ISNUMBER(SEARCH("DE MEMORIA",E115)),"DE MEMORIA", IF(ISNUMBER(SEARCH("MUDE",E115)),"MUDE", IF(ISNUMBER(SEARCH("daoida",E115)),"DAOIDA",IF(ISNUMBER(SEARCH("MEDIFORCELL",E115)),"MEDIFORCELL",IF(ISNUMBER(SEARCH("PLU",E115)),"PLU",""))))))))) -> GLAMRR Q | G115: 44 | I115: =G115-H115 -> 44 | J115: bao bì bạc màu | K115: 46200 | L115: =TODAY() -> 46106 | M115: 36 | N115: =(K115-L115)/30 -> 3.1333333 | O115: =N115/M115 -> 0.087037037 | R115: 20/3/2026
A116: Guardian | B116: B2B | C116: Tháng 9 | D116: 8809491946239 | E116: Son môi GLAMRR Q (LONG WEAR LIP CREAM #09 HEI HEI, 5g) | F116: =IF(ISNUMBER(SEARCH("gilaa",E116)),"GILAA", IF(ISNUMBER(SEARCH("GLAMRR Q",E116)),"GLAMRR Q", IF(ISNUMBER(SEARCH("BAD PEACH",E116)),"BAD PEACH", IF(ISNUMBER(SEARCH("VEGICK",E116)),"VEGICK", IF(ISNUMBER(SEARCH("DE MEMORIA",E116)),"DE MEMORIA", IF(ISNUMBER(SEARCH("MUDE",E116)),"MUDE", IF(ISNUMBER(SEARCH("daoida",E116)),"DAOIDA",IF(ISNUMBER(SEARCH("MEDIFORCELL",E116)),"MEDIFORCELL",IF(ISNUMBER(SEARCH("PLU",E116)),"PLU",""))))))))) -> GLAMRR Q | G116: 14 | H116: 1 | I116: =G116-H116 -> 13 | J116: sản phẩm nguyên vẹn | K116: 46200 | L116: =TODAY() -> 46106 | M116: 36 | N116: =(K116-L116)/30 -> 3.1333333 | O116: =N116/M116 -> 0.087037037 | Q116: https://workflow.base.vn/job/3581351 | R116: 20/3/2026
A117: Guardian | B117: B2B | C117: Tháng 9 | D117: 8809491946239 | E117: Son môi GLAMRR Q (LONG WEAR LIP CREAM #09 HEI HEI, 5g) | F117: =IF(ISNUMBER(SEARCH("gilaa",E117)),"GILAA", IF(ISNUMBER(SEARCH("GLAMRR Q",E117)),"GLAMRR Q", IF(ISNUMBER(SEARCH("BAD PEACH",E117)),"BAD PEACH", IF(ISNUMBER(SEARCH("VEGICK",E117)),"VEGICK", IF(ISNUMBER(SEARCH("DE MEMORIA",E117)),"DE MEMORIA", IF(ISNUMBER(SEARCH("MUDE",E117)),"MUDE", IF(ISNUMBER(SEARCH("daoida",E117)),"DAOIDA",IF(ISNUMBER(SEARCH("MEDIFORCELL",E117)),"MEDIFORCELL",IF(ISNUMBER(SEARCH("PLU",E117)),"PLU",""))))))))) -> GLAMRR Q | G117: 69 | H117: 69 | I117: =G117-H117 -> 0 | J117: sản phẩm nguyên vẹn | K117: 46472 | L117: =TODAY() -> 46106 | M117: 36 | N117: =(K117-L117)/30 -> 12.2 | O117: =N117/M117 -> 0.33888889 | Q117: https://workflow.base.vn/job/3429623 | R117: 20/3/2026
A118: Guardian | B118: B2B | C118: Tháng 9 | D118: 8809491946239 | E118: Son môi GLAMRR Q (LONG WEAR LIP CREAM #09 HEI HEI, 5g) | F118: =IF(ISNUMBER(SEARCH("gilaa",E118)),"GILAA", IF(ISNUMBER(SEARCH("GLAMRR Q",E118)),"GLAMRR Q", IF(ISNUMBER(SEARCH("BAD PEACH",E118)),"BAD PEACH", IF(ISNUMBER(SEARCH("VEGICK",E118)),"VEGICK", IF(ISNUMBER(SEARCH("DE MEMORIA",E118)),"DE MEMORIA", IF(ISNUMBER(SEARCH("MUDE",E118)),"MUDE", IF(ISNUMBER(SEARCH("daoida",E118)),"DAOIDA",IF(ISNUMBER(SEARCH("MEDIFORCELL",E118)),"MEDIFORCELL",IF(ISNUMBER(SEARCH("PLU",E118)),"PLU",""))))))))) -> GLAMRR Q | G118: 2 | I118: =G118-H118 -> 2 | J118: cấn móp bao bì | K118: 46472 | L118: =TODAY() -> 46106 | M118: 36 | N118: =(K118-L118)/30 -> 12.2 | O118: =N118/M118 -> 0.33888889 | R118: 20/3/2026
A119: Guardian | B119: B2B | C119: Tháng 9 | D119: 8809491946239 | E119: Son môi GLAMRR Q (LONG WEAR LIP CREAM #09 HEI HEI, 5g) | F119: =IF(ISNUMBER(SEARCH("gilaa",E119)),"GILAA", IF(ISNUMBER(SEARCH("GLAMRR Q",E119)),"GLAMRR Q", IF(ISNUMBER(SEARCH("BAD PEACH",E119)),"BAD PEACH", IF(ISNUMBER(SEARCH("VEGICK",E119)),"VEGICK", IF(ISNUMBER(SEARCH("DE MEMORIA",E119)),"DE MEMORIA", IF(ISNUMBER(SEARCH("MUDE",E119)),"MUDE", IF(ISNUMBER(SEARCH("daoida",E119)),"DAOIDA",IF(ISNUMBER(SEARCH("MEDIFORCELL",E119)),"MEDIFORCELL",IF(ISNUMBER(SEARCH("PLU",E119)),"PLU",""))))))))) -> GLAMRR Q | G119: 38 | I119: =G119-H119 -> 38 | J119: bao bì bạc màu | K119: 46472 | L119: =TODAY() -> 46106 | M119: 36 | N119: =(K119-L119)/30 -> 12.2 | O119: =N119/M119 -> 0.33888889 | R119: 20/3/2026
A120: Guardian | B120: B2B | C120: Tháng 9 | D120: 8809491946246 | E120: Son môi GLAMRR Q (LONG WEAR LIP CREAM #10 MAY BEAUTY, 5g) | F120: =IF(ISNUMBER(SEARCH("gilaa",E120)),"GILAA", IF(ISNUMBER(SEARCH("GLAMRR Q",E120)),"GLAMRR Q", IF(ISNUMBER(SEARCH("BAD PEACH",E120)),"BAD PEACH", IF(ISNUMBER(SEARCH("VEGICK",E120)),"VEGICK", IF(ISNUMBER(SEARCH("DE MEMORIA",E120)),"DE MEMORIA", IF(ISNUMBER(SEARCH("MUDE",E120)),"MUDE", IF(ISNUMBER(SEARCH("daoida",E120)),"DAOIDA",IF(ISNUMBER(SEARCH("MEDIFORCELL",E120)),"MEDIFORCELL",IF(ISNUMBER(SEARCH("PLU",E120)),"PLU",""))))))))) -> GLAMRR Q | G120: 9 | I120: =G120-H120 -> 9 | J120: bao bì bạc màu | K120: 46062 | L120: =TODAY() -> 46106 | M120: 36 | N120: =(K120-L120)/30 -> -1.4666667 | O120: =N120/M120 -> -0.040740741 | R120: 20/3/2026
A121: Guardian | B121: B2B | C121: Tháng 9 | D121: 8809491946246 | E121: Son môi GLAMRR Q (LONG WEAR LIP CREAM #10 MAY BEAUTY, 5g) | F121: =IF(ISNUMBER(SEARCH("gilaa",E121)),"GILAA", IF(ISNUMBER(SEARCH("GLAMRR Q",E121)),"GLAMRR Q", IF(ISNUMBER(SEARCH("BAD PEACH",E121)),"BAD PEACH", IF(ISNUMBER(SEARCH("VEGICK",E121)),"VEGICK", IF(ISNUMBER(SEARCH("DE MEMORIA",E121)),"DE MEMORIA", IF(ISNUMBER(SEARCH("MUDE",E121)),"MUDE", IF(ISNUMBER(SEARCH("daoida",E121)),"DAOIDA",IF(ISNUMBER(SEARCH("MEDIFORCELL",E121)),"MEDIFORCELL",IF(ISNUMBER(SEARCH("PLU",E121)),"PLU",""))))))))) -> GLAMRR Q | G121: 20 | I121: =G121-H121 -> 20 | J121: bao bì bạc màu | K121: 46368 | L121: =TODAY() -> 46106 | M121: 36 | N121: =(K121-L121)/30 -> 8.7333333 | O121: =N121/M121 -> 0.24259259 | R121: 20/3/2026
A122: Guardian | B122: B2B | C122: Tháng 9 | D122: 8809491946253 | E122: Son môi GLAMRR Q (LONG WEAR LIP CREAM #11 SET SAIL, 5g) | F122: =IF(ISNUMBER(SEARCH("gilaa",E122)),"GILAA", IF(ISNUMBER(SEARCH("GLAMRR Q",E122)),"GLAMRR Q", IF(ISNUMBER(SEARCH("BAD PEACH",E122)),"BAD PEACH", IF(ISNUMBER(SEARCH("VEGICK",E122)),"VEGICK", IF(ISNUMBER(SEARCH("DE MEMORIA",E122)),"DE MEMORIA", IF(ISNUMBER(SEARCH("MUDE",E122)),"MUDE", IF(ISNUMBER(SEARCH("daoida",E122)),"DAOIDA",IF(ISNUMBER(SEARCH("MEDIFORCELL",E122)),"MEDIFORCELL",IF(ISNUMBER(SEARCH("PLU",E122)),"PLU",""))))))))) -> GLAMRR Q | G122: 20 | I122: =G122-H122 -> 20 | J122: bao bì bạc màu | K122: 46062 | L122: =TODAY() -> 46106 | M122: 36 | N122: =(K122-L122)/30 -> -1.4666667 | O122: =N122/M122 -> -0.040740741 | R122: 20/3/2026
A123: Guardian | B123: B2B | C123: Tháng 9 | D123: 8809491946260 | E123: Son môi GLAMRR Q (LONG WEAR LIP CREAM #12 LAVISH, 5g) | F123: =IF(ISNUMBER(SEARCH("gilaa",E123)),"GILAA", IF(ISNUMBER(SEARCH("GLAMRR Q",E123)),"GLAMRR Q", IF(ISNUMBER(SEARCH("BAD PEACH",E123)),"BAD PEACH", IF(ISNUMBER(SEARCH("VEGICK",E123)),"VEGICK", IF(ISNUMBER(SEARCH("DE MEMORIA",E123)),"DE MEMORIA", IF(ISNUMBER(SEARCH("MUDE",E123)),"MUDE", IF(ISNUMBER(SEARCH("daoida",E123)),"DAOIDA",IF(ISNUMBER(SEARCH("MEDIFORCELL",E123)),"MEDIFORCELL",IF(ISNUMBER(SEARCH("PLU",E123)),"PLU",""))))))))) -> GLAMRR Q | G123: 7 | I123: =G123-H123 -> 7 | J123: bao bì bạc màu | K123: 46062 | L123: =TODAY() -> 46106 | M123: 36 | N123: =(K123-L123)/30 -> -1.4666667 | O123: =N123/M123 -> -0.040740741 | R123: 20/3/2026
A124: Guardian | B124: B2B | C124: Tháng 9 | D124: 8809491946277 | E124: Son môi GLAMRR Q (LONG WEAR LIP CREAM #13 CURSE REVERSE, 5g) | F124: =IF(ISNUMBER(SEARCH("gilaa",E124)),"GILAA", IF(ISNUMBER(SEARCH("GLAMRR Q",E124)),"GLAMRR Q", IF(ISNUMBER(SEARCH("BAD PEACH",E124)),"BAD PEACH", IF(ISNUMBER(SEARCH("VEGICK",E124)),"VEGICK", IF(ISNUMBER(SEARCH("DE MEMORIA",E124)),"DE MEMORIA", IF(ISNUMBER(SEARCH("MUDE",E124)),"MUDE", IF(ISNUMBER(SEARCH("daoida",E124)),"DAOIDA",IF(ISNUMBER(SEARCH("MEDIFORCELL",E124)),"MEDIFORCELL",IF(ISNUMBER(SEARCH("PLU",E124)),"PLU",""))))))))) -> GLAMRR Q | G124: 12 | I124: =G124-H124 -> 12 | J124: bao bì bạc màu | K124: 46063 | L124: =TODAY() -> 46106 | M124: 36 | N124: =(K124-L124)/30 -> -1.4333333 | O124: =N124/M124 -> -0.039814815 | R124: 20/3/2026
A125: Guardian | B125: B2B | C125: Tháng 9 | D125: 8809526841393 | E125: Phấn nước trang điểm GLAMRR Q (VEGAN SUPER GLOW CUSHION #01 LIGHT BEIGE, 15g) | F125: =IF(ISNUMBER(SEARCH("gilaa",E125)),"GILAA", IF(ISNUMBER(SEARCH("GLAMRR Q",E125)),"GLAMRR Q", IF(ISNUMBER(SEARCH("BAD PEACH",E125)),"BAD PEACH", IF(ISNUMBER(SEARCH("VEGICK",E125)),"VEGICK", IF(ISNUMBER(SEARCH("DE MEMORIA",E125)),"DE MEMORIA", IF(ISNUMBER(SEARCH("MUDE",E125)),"MUDE", IF(ISNUMBER(SEARCH("daoida",E125)),"DAOIDA",IF(ISNUMBER(SEARCH("MEDIFORCELL",E125)),"MEDIFORCELL",IF(ISNUMBER(SEARCH("PLU",E125)),"PLU",""))))))))) -> GLAMRR Q | G125: 3 | I125: =G125-H125 -> 3 | J125: bao bì bạc màu | K125: 46104 | L125: =TODAY() -> 46106 | M125: 36 | N125: =(K125-L125)/30 -> -0.066666667 | O125: =N125/M125 -> -0.0018518519 | R125: 20/3/2026
A126: Guardian | B126: B2B | C126: Tháng 9 | D126: 8809526841393 | E126: Phấn nước trang điểm GLAMRR Q (VEGAN SUPER GLOW CUSHION #01 LIGHT BEIGE, 15g) | F126: =IF(ISNUMBER(SEARCH("gilaa",E126)),"GILAA", IF(ISNUMBER(SEARCH("GLAMRR Q",E126)),"GLAMRR Q", IF(ISNUMBER(SEARCH("BAD PEACH",E126)),"BAD PEACH", IF(ISNUMBER(SEARCH("VEGICK",E126)),"VEGICK", IF(ISNUMBER(SEARCH("DE MEMORIA",E126)),"DE MEMORIA", IF(ISNUMBER(SEARCH("MUDE",E126)),"MUDE", IF(ISNUMBER(SEARCH("daoida",E126)),"DAOIDA",IF(ISNUMBER(SEARCH("MEDIFORCELL",E126)),"MEDIFORCELL",IF(ISNUMBER(SEARCH("PLU",E126)),"PLU",""))))))))) -> GLAMRR Q | G126: 3 | I126: =G126-H126 -> 3 | J126: mờ date | K126: - | L126: - | M126: - | N126: - | O126: - | R126: 20/3/2026
A127: Guardian | B127: B2B | C127: Tháng 9 | D127: 8809526841393 | E127: Phấn nước trang điểm GLAMRR Q (VEGAN SUPER GLOW CUSHION #01 LIGHT BEIGE, 15g) | F127: =IF(ISNUMBER(SEARCH("gilaa",E127)),"GILAA", IF(ISNUMBER(SEARCH("GLAMRR Q",E127)),"GLAMRR Q", IF(ISNUMBER(SEARCH("BAD PEACH",E127)),"BAD PEACH", IF(ISNUMBER(SEARCH("VEGICK",E127)),"VEGICK", IF(ISNUMBER(SEARCH("DE MEMORIA",E127)),"DE MEMORIA", IF(ISNUMBER(SEARCH("MUDE",E127)),"MUDE", IF(ISNUMBER(SEARCH("daoida",E127)),"DAOIDA",IF(ISNUMBER(SEARCH("MEDIFORCELL",E127)),"MEDIFORCELL",IF(ISNUMBER(SEARCH("PLU",E127)),"PLU",""))))))))) -> GLAMRR Q | G127: 2 | I127: =G127-H127 -> 2 | J127: sản phẩm nguyên vẹn | K127: 46325 | L127: =TODAY() -> 46106 | M127: 36 | N127: =(K127-L127)/30 -> 7.3 | O127: =N127/M127 -> 0.20277778 | R127: 20/3/2026
A128: Guardian | B128: B2B | C128: Tháng 9 | D128: 8809526841393 | E128: Phấn nước trang điểm GLAMRR Q (VEGAN SUPER GLOW CUSHION #01 LIGHT BEIGE, 15g) | F128: =IF(ISNUMBER(SEARCH("gilaa",E128)),"GILAA", IF(ISNUMBER(SEARCH("GLAMRR Q",E128)),"GLAMRR Q", IF(ISNUMBER(SEARCH("BAD PEACH",E128)),"BAD PEACH", IF(ISNUMBER(SEARCH("VEGICK",E128)),"VEGICK", IF(ISNUMBER(SEARCH("DE MEMORIA",E128)),"DE MEMORIA", IF(ISNUMBER(SEARCH("MUDE",E128)),"MUDE", IF(ISNUMBER(SEARCH("daoida",E128)),"DAOIDA",IF(ISNUMBER(SEARCH("MEDIFORCELL",E128)),"MEDIFORCELL",IF(ISNUMBER(SEARCH("PLU",E128)),"PLU",""))))))))) -> GLAMRR Q | G128: 21 | I128: =G128-H128 -> 21 | J128: bao bì bạc màu | K128: 46325 | L128: =TODAY() -> 46106 | M128: 36 | N128: =(K128-L128)/30 -> 7.3 | O128: =N128/M128 -> 0.20277778 | R128: 20/3/2026
A129: Guardian | B129: B2B | C129: Tháng 9 | D129: 8809526841393 | E129: Phấn nước trang điểm GLAMRR Q (VEGAN SUPER GLOW CUSHION #01 LIGHT BEIGE, 15g) | F129: =IF(ISNUMBER(SEARCH("gilaa",E129)),"GILAA", IF(ISNUMBER(SEARCH("GLAMRR Q",E129)),"GLAMRR Q", IF(ISNUMBER(SEARCH("BAD PEACH",E129)),"BAD PEACH", IF(ISNUMBER(SEARCH("VEGICK",E129)),"VEGICK", IF(ISNUMBER(SEARCH("DE MEMORIA",E129)),"DE MEMORIA", IF(ISNUMBER(SEARCH("MUDE",E129)),"MUDE", IF(ISNUMBER(SEARCH("daoida",E129)),"DAOIDA",IF(ISNUMBER(SEARCH("MEDIFORCELL",E129)),"MEDIFORCELL",IF(ISNUMBER(SEARCH("PLU",E129)),"PLU",""))))))))) -> GLAMRR Q | G129: 2 | I129: =G129-H129 -> 2 | J129: sản phẩm nguyên vẹn | K129: 46375 | L129: =TODAY() -> 46106 | M129: 36 | N129: =(K129-L129)/30 -> 8.9666667 | O129: =N129/M129 -> 0.24907407 | R129: 20/3/2026
A130: Guardian | B130: B2B | C130: Tháng 9 | D130: 8809526841393 | E130: Phấn nước trang điểm GLAMRR Q (VEGAN SUPER GLOW CUSHION #01 LIGHT BEIGE, 15g) | F130: =IF(ISNUMBER(SEARCH("gilaa",E130)),"GILAA", IF(ISNUMBER(SEARCH("GLAMRR Q",E130)),"GLAMRR Q", IF(ISNUMBER(SEARCH("BAD PEACH",E130)),"BAD PEACH", IF(ISNUMBER(SEARCH("VEGICK",E130)),"VEGICK", IF(ISNUMBER(SEARCH("DE MEMORIA",E130)),"DE MEMORIA", IF(ISNUMBER(SEARCH("MUDE",E130)),"MUDE", IF(ISNUMBER(SEARCH("daoida",E130)),"DAOIDA",IF(ISNUMBER(SEARCH("MEDIFORCELL",E130)),"MEDIFORCELL",IF(ISNUMBER(SEARCH("PLU",E130)),"PLU",""))))))))) -> GLAMRR Q | G130: 18 | I130: =G130-H130 -> 18 | J130: bao bì bạc màu | K130: 46375 | L130: =TODAY() -> 46106 | M130: 36 | N130: =(K130-L130)/30 -> 8.9666667 | O130: =N130/M130 -> 0.24907407 | R130: 20/3/2026
A131: Guardian | B131: B2B | C131: Tháng 9 | D131: 8809526841393 | E131: Phấn nước trang điểm GLAMRR Q (VEGAN SUPER GLOW CUSHION #01 LIGHT BEIGE, 15g) | F131: =IF(ISNUMBER(SEARCH("gilaa",E131)),"GILAA", IF(ISNUMBER(SEARCH("GLAMRR Q",E131)),"GLAMRR Q", IF(ISNUMBER(SEARCH("BAD PEACH",E131)),"BAD PEACH", IF(ISNUMBER(SEARCH("VEGICK",E131)),"VEGICK", IF(ISNUMBER(SEARCH("DE MEMORIA",E131)),"DE MEMORIA", IF(ISNUMBER(SEARCH("MUDE",E131)),"MUDE", IF(ISNUMBER(SEARCH("daoida",E131)),"DAOIDA",IF(ISNUMBER(SEARCH("MEDIFORCELL",E131)),"MEDIFORCELL",IF(ISNUMBER(SEARCH("PLU",E131)),"PLU",""))))))))) -> GLAMRR Q | G131: 10 | I131: =G131-H131 -> 10 | J131: sản phẩm nguyên vẹn | K131: 46452 | L131: =TODAY() -> 46106 | M131: 36 | N131: =(K131-L131)/30 -> 11.533333 | O131: =N131/M131 -> 0.32037037 | R131: 20/3/2026
A132: Guardian | B132: B2B | C132: Tháng 9 | D132: 8809526841393 | E132: Phấn nước trang điểm GLAMRR Q (VEGAN SUPER GLOW CUSHION #01 LIGHT BEIGE, 15g) | F132: =IF(ISNUMBER(SEARCH("gilaa",E132)),"GILAA", IF(ISNUMBER(SEARCH("GLAMRR Q",E132)),"GLAMRR Q", IF(ISNUMBER(SEARCH("BAD PEACH",E132)),"BAD PEACH", IF(ISNUMBER(SEARCH("VEGICK",E132)),"VEGICK", IF(ISNUMBER(SEARCH("DE MEMORIA",E132)),"DE MEMORIA", IF(ISNUMBER(SEARCH("MUDE",E132)),"MUDE", IF(ISNUMBER(SEARCH("daoida",E132)),"DAOIDA",IF(ISNUMBER(SEARCH("MEDIFORCELL",E132)),"MEDIFORCELL",IF(ISNUMBER(SEARCH("PLU",E132)),"PLU",""))))))))) -> GLAMRR Q | G132: 80 | I132: =G132-H132 -> 80 | J132: bao bì bạc màu | K132: 46452 | L132: =TODAY() -> 46106 | M132: 36 | N132: =(K132-L132)/30 -> 11.533333 | O132: =N132/M132 -> 0.32037037 | R132: 20/3/2026
A133: Guardian | B133: B2B | C133: Tháng 9 | D133: 8809526841393 | E133: Phấn nước trang điểm GLAMRR Q (VEGAN SUPER GLOW CUSHION #01 LIGHT BEIGE, 15g) | F133: =IF(ISNUMBER(SEARCH("gilaa",E133)),"GILAA", IF(ISNUMBER(SEARCH("GLAMRR Q",E133)),"GLAMRR Q", IF(ISNUMBER(SEARCH("BAD PEACH",E133)),"BAD PEACH", IF(ISNUMBER(SEARCH("VEGICK",E133)),"VEGICK", IF(ISNUMBER(SEARCH("DE MEMORIA",E133)),"DE MEMORIA", IF(ISNUMBER(SEARCH("MUDE",E133)),"MUDE", IF(ISNUMBER(SEARCH("daoida",E133)),"DAOIDA",IF(ISNUMBER(SEARCH("MEDIFORCELL",E133)),"MEDIFORCELL",IF(ISNUMBER(SEARCH("PLU",E133)),"PLU",""))))))))) -> GLAMRR Q | G133: 38 | I133: =G133-H133 -> 38 | J133: sản phẩm nguyên vẹn | K133: 46786 | L133: =TODAY() -> 46106 | M133: 36 | N133: =(K133-L133)/30 -> 22.666667 | O133: =N133/M133 -> 0.62962963 | R133: 20/3/2026
A134: Guardian | B134: B2B | C134: Tháng 9 | D134: 8809526841393 | E134: Phấn nước trang điểm GLAMRR Q (VEGAN SUPER GLOW CUSHION #01 LIGHT BEIGE, 15g) | F134: =IF(ISNUMBER(SEARCH("gilaa",E134)),"GILAA", IF(ISNUMBER(SEARCH("GLAMRR Q",E134)),"GLAMRR Q", IF(ISNUMBER(SEARCH("BAD PEACH",E134)),"BAD PEACH", IF(ISNUMBER(SEARCH("VEGICK",E134)),"VEGICK", IF(ISNUMBER(SEARCH("DE MEMORIA",E134)),"DE MEMORIA", IF(ISNUMBER(SEARCH("MUDE",E134)),"MUDE", IF(ISNUMBER(SEARCH("daoida",E134)),"DAOIDA",IF(ISNUMBER(SEARCH("MEDIFORCELL",E134)),"MEDIFORCELL",IF(ISNUMBER(SEARCH("PLU",E134)),"PLU",""))))))))) -> GLAMRR Q | G134: 12 | I134: =G134-H134 -> 12 | J134: bao bì bạc màu | K134: 46786 | L134: =TODAY() -> 46106 | M134: 36 | N134: =(K134-L134)/30 -> 22.666667 | O134: =N134/M134 -> 0.62962963 | R134: 20/3/2026
A135: Guardian | B135: B2B | C135: Tháng 9 | D135: 8809526841393 | E135: Phấn nước trang điểm GLAMRR Q (VEGAN SUPER GLOW CUSHION #01 LIGHT BEIGE, 15g) | F135: =IF(ISNUMBER(SEARCH("gilaa",E135)),"GILAA", IF(ISNUMBER(SEARCH("GLAMRR Q",E135)),"GLAMRR Q", IF(ISNUMBER(SEARCH("BAD PEACH",E135)),"BAD PEACH", IF(ISNUMBER(SEARCH("VEGICK",E135)),"VEGICK", IF(ISNUMBER(SEARCH("DE MEMORIA",E135)),"DE MEMORIA", IF(ISNUMBER(SEARCH("MUDE",E135)),"MUDE", IF(ISNUMBER(SEARCH("daoida",E135)),"DAOIDA",IF(ISNUMBER(SEARCH("MEDIFORCELL",E135)),"MEDIFORCELL",IF(ISNUMBER(SEARCH("PLU",E135)),"PLU",""))))))))) -> GLAMRR Q | G135: 48 | I135: =G135-H135 -> 48 | J135: bao bì bạc màu | K135: 46472 | L135: =TODAY() -> 46106 | M135: 36 | N135: =(K135-L135)/30 -> 12.2 | O135: =N135/M135 -> 0.33888889 | R135: 20/3/2026
A136: Guardian | B136: B2B | C136: Tháng 9 | D136: 8809526841409 | E136: Phấn nước trang điểm GLAMRR Q (VEGAN SUPER GLOW CUSHION #02 NATURAL BEIGE, 15g) | F136: =IF(ISNUMBER(SEARCH("gilaa",E136)),"GILAA", IF(ISNUMBER(SEARCH("GLAMRR Q",E136)),"GLAMRR Q", IF(ISNUMBER(SEARCH("BAD PEACH",E136)),"BAD PEACH", IF(ISNUMBER(SEARCH("VEGICK",E136)),"VEGICK", IF(ISNUMBER(SEARCH("DE MEMORIA",E136)),"DE MEMORIA", IF(ISNUMBER(SEARCH("MUDE",E136)),"MUDE", IF(ISNUMBER(SEARCH("daoida",E136)),"DAOIDA",IF(ISNUMBER(SEARCH("MEDIFORCELL",E136)),"MEDIFORCELL",IF(ISNUMBER(SEARCH("PLU",E136)),"PLU",""))))))))) -> GLAMRR Q | G136: 1 | I136: =G136-H136 -> 1 | J136: bao bì bạc màu | K136: 46056 | L136: =TODAY() -> 46106 | M136: 36 | N136: =(K136-L136)/30 -> -1.6666667 | O136: =N136/M136 -> -0.046296296 | R136: 20/3/2026
A137: Guardian | B137: B2B | C137: Tháng 9 | D137: 8809526841409 | E137: Phấn nước trang điểm GLAMRR Q (VEGAN SUPER GLOW CUSHION #02 NATURAL BEIGE, 15g) | F137: =IF(ISNUMBER(SEARCH("gilaa",E137)),"GILAA", IF(ISNUMBER(SEARCH("GLAMRR Q",E137)),"GLAMRR Q", IF(ISNUMBER(SEARCH("BAD PEACH",E137)),"BAD PEACH", IF(ISNUMBER(SEARCH("VEGICK",E137)),"VEGICK", IF(ISNUMBER(SEARCH("DE MEMORIA",E137)),"DE MEMORIA", IF(ISNUMBER(SEARCH("MUDE",E137)),"MUDE", IF(ISNUMBER(SEARCH("daoida",E137)),"DAOIDA",IF(ISNUMBER(SEARCH("MEDIFORCELL",E137)),"MEDIFORCELL",IF(ISNUMBER(SEARCH("PLU",E137)),"PLU",""))))))))) -> GLAMRR Q | G137: 1 | I137: =G137-H137 -> 1 | J137: mờ date | K137: - | L137: - | M137: - | N137: - | O137: - | R137: 20/3/2026
A138: Guardian | B138: B2B | C138: Tháng 9 | D138: 8809526841409 | E138: Phấn nước trang điểm GLAMRR Q (VEGAN SUPER GLOW CUSHION #02 NATURAL BEIGE, 15g) | F138: =IF(ISNUMBER(SEARCH("gilaa",E138)),"GILAA", IF(ISNUMBER(SEARCH("GLAMRR Q",E138)),"GLAMRR Q", IF(ISNUMBER(SEARCH("BAD PEACH",E138)),"BAD PEACH", IF(ISNUMBER(SEARCH("VEGICK",E138)),"VEGICK", IF(ISNUMBER(SEARCH("DE MEMORIA",E138)),"DE MEMORIA", IF(ISNUMBER(SEARCH("MUDE",E138)),"MUDE", IF(ISNUMBER(SEARCH("daoida",E138)),"DAOIDA",IF(ISNUMBER(SEARCH("MEDIFORCELL",E138)),"MEDIFORCELL",IF(ISNUMBER(SEARCH("PLU",E138)),"PLU",""))))))))) -> GLAMRR Q | G138: 2 | I138: =G138-H138 -> 2 | J138: sản phẩm nguyên vẹn | K138: 46355 | L138: =TODAY() -> 46106 | M138: 36 | N138: =(K138-L138)/30 -> 8.3 | O138: =N138/M138 -> 0.23055556 | R138: 20/3/2026
A139: Guardian | B139: B2B | C139: Tháng 9 | D139: 8809526841409 | E139: Phấn nước trang điểm GLAMRR Q (VEGAN SUPER GLOW CUSHION #02 NATURAL BEIGE, 15g) | F139: =IF(ISNUMBER(SEARCH("gilaa",E139)),"GILAA", IF(ISNUMBER(SEARCH("GLAMRR Q",E139)),"GLAMRR Q", IF(ISNUMBER(SEARCH("BAD PEACH",E139)),"BAD PEACH", IF(ISNUMBER(SEARCH("VEGICK",E139)),"VEGICK", IF(ISNUMBER(SEARCH("DE MEMORIA",E139)),"DE MEMORIA", IF(ISNUMBER(SEARCH("MUDE",E139)),"MUDE", IF(ISNUMBER(SEARCH("daoida",E139)),"DAOIDA",IF(ISNUMBER(SEARCH("MEDIFORCELL",E139)),"MEDIFORCELL",IF(ISNUMBER(SEARCH("PLU",E139)),"PLU",""))))))))) -> GLAMRR Q | G139: 52 | I139: =G139-H139 -> 52 | J139: bao bì bạc màu | K139: 46355 | L139: =TODAY() -> 46106 | M139: 36 | N139: =(K139-L139)/30 -> 8.3 | O139: =N139/M139 -> 0.23055556 | R139: 20/3/2026
A140: Guardian | B140: B2B | C140: Tháng 9 | D140: 8809526841409 | E140: Phấn nước trang điểm GLAMRR Q (VEGAN SUPER GLOW CUSHION #02 NATURAL BEIGE, 15g) | F140: =IF(ISNUMBER(SEARCH("gilaa",E140)),"GILAA", IF(ISNUMBER(SEARCH("GLAMRR Q",E140)),"GLAMRR Q", IF(ISNUMBER(SEARCH("BAD PEACH",E140)),"BAD PEACH", IF(ISNUMBER(SEARCH("VEGICK",E140)),"VEGICK", IF(ISNUMBER(SEARCH("DE MEMORIA",E140)),"DE MEMORIA", IF(ISNUMBER(SEARCH("MUDE",E140)),"MUDE", IF(ISNUMBER(SEARCH("daoida",E140)),"DAOIDA",IF(ISNUMBER(SEARCH("MEDIFORCELL",E140)),"MEDIFORCELL",IF(ISNUMBER(SEARCH("PLU",E140)),"PLU",""))))))))) -> GLAMRR Q | G140: 45 | I140: =G140-H140 -> 45 | J140: bao bì bạc màu | K140: 46370 | L140: =TODAY() -> 46106 | M140: 36 | N140: =(K140-L140)/30 -> 8.8 | O140: =N140/M140 -> 0.24444444 | R140: 20/3/2026
A141: Guardian | B141: B2B | C141: Tháng 9 | D141: 8809526841409 | E141: Phấn nước trang điểm GLAMRR Q (VEGAN SUPER GLOW CUSHION #02 NATURAL BEIGE, 15g) | F141: =IF(ISNUMBER(SEARCH("gilaa",E141)),"GILAA", IF(ISNUMBER(SEARCH("GLAMRR Q",E141)),"GLAMRR Q", IF(ISNUMBER(SEARCH("BAD PEACH",E141)),"BAD PEACH", IF(ISNUMBER(SEARCH("VEGICK",E141)),"VEGICK", IF(ISNUMBER(SEARCH("DE MEMORIA",E141)),"DE MEMORIA", IF(ISNUMBER(SEARCH("MUDE",E141)),"MUDE", IF(ISNUMBER(SEARCH("daoida",E141)),"DAOIDA",IF(ISNUMBER(SEARCH("MEDIFORCELL",E141)),"MEDIFORCELL",IF(ISNUMBER(SEARCH("PLU",E141)),"PLU",""))))))))) -> GLAMRR Q | G141: 30 | I141: =G141-H141 -> 30 | J141: bao bì bạc màu | K141: 46431 | L141: =TODAY() -> 46106 | M141: 36 | N141: =(K141-L141)/30 -> 10.833333 | O141: =N141/M141 -> 0.30092593 | R141: 20/3/2026
A142: Guardian | B142: B2B | C142: Tháng 9 | D142: 8809526841409 | E142: Phấn nước trang điểm GLAMRR Q (VEGAN SUPER GLOW CUSHION #02 NATURAL BEIGE, 15g) | F142: =IF(ISNUMBER(SEARCH("gilaa",E142)),"GILAA", IF(ISNUMBER(SEARCH("GLAMRR Q",E142)),"GLAMRR Q", IF(ISNUMBER(SEARCH("BAD PEACH",E142)),"BAD PEACH", IF(ISNUMBER(SEARCH("VEGICK",E142)),"VEGICK", IF(ISNUMBER(SEARCH("DE MEMORIA",E142)),"DE MEMORIA", IF(ISNUMBER(SEARCH("MUDE",E142)),"MUDE", IF(ISNUMBER(SEARCH("daoida",E142)),"DAOIDA",IF(ISNUMBER(SEARCH("MEDIFORCELL",E142)),"MEDIFORCELL",IF(ISNUMBER(SEARCH("PLU",E142)),"PLU",""))))))))) -> GLAMRR Q | G142: 18 | I142: =G142-H142 -> 18 | J142: sản phẩm nguyên vẹn | K142: 46451 | L142: =TODAY() -> 46106 | M142: 36 | N142: =(K142-L142)/30 -> 11.5 | O142: =N142/M142 -> 0.31944444 | R142: 20/3/2026
A143: Guardian | B143: B2B | C143: Tháng 9 | D143: 8809526841409 | E143: Phấn nước trang điểm GLAMRR Q (VEGAN SUPER GLOW CUSHION #02 NATURAL BEIGE, 15g) | F143: =IF(ISNUMBER(SEARCH("gilaa",E143)),"GILAA", IF(ISNUMBER(SEARCH("GLAMRR Q",E143)),"GLAMRR Q", IF(ISNUMBER(SEARCH("BAD PEACH",E143)),"BAD PEACH", IF(ISNUMBER(SEARCH("VEGICK",E143)),"VEGICK", IF(ISNUMBER(SEARCH("DE MEMORIA",E143)),"DE MEMORIA", IF(ISNUMBER(SEARCH("MUDE",E143)),"MUDE", IF(ISNUMBER(SEARCH("daoida",E143)),"DAOIDA",IF(ISNUMBER(SEARCH("MEDIFORCELL",E143)),"MEDIFORCELL",IF(ISNUMBER(SEARCH("PLU",E143)),"PLU",""))))))))) -> GLAMRR Q | G143: 100 | I143: =G143-H143 -> 100 | J143: bao bì bạc màu | K143: 46451 | L143: =TODAY() -> 46106 | M143: 36 | N143: =(K143-L143)/30 -> 11.5 | O143: =N143/M143 -> 0.31944444 | R143: 20/3/2026
A144: Guardian | B144: B2B | C144: Tháng 9 | D144: 8809563069910 | E144: Mặt nạ ngủ môi GLAMRR Q (VEGAN B5 SUPER LIP SLEEPING MASK, 10ml) | F144: =IF(ISNUMBER(SEARCH("gilaa",E144)),"GILAA", IF(ISNUMBER(SEARCH("GLAMRR Q",E144)),"GLAMRR Q", IF(ISNUMBER(SEARCH("BAD PEACH",E144)),"BAD PEACH", IF(ISNUMBER(SEARCH("VEGICK",E144)),"VEGICK", IF(ISNUMBER(SEARCH("DE MEMORIA",E144)),"DE MEMORIA", IF(ISNUMBER(SEARCH("MUDE",E144)),"MUDE", IF(ISNUMBER(SEARCH("daoida",E144)),"DAOIDA",IF(ISNUMBER(SEARCH("MEDIFORCELL",E144)),"MEDIFORCELL",IF(ISNUMBER(SEARCH("PLU",E144)),"PLU",""))))))))) -> GLAMRR Q | G144: 9 | I144: =G144-H144 -> 9 | J144: bao bì bạc màu | K144: 46068 | L144: =TODAY() -> 46106 | M144: 36 | N144: =(K144-L144)/30 -> -1.2666667 | O144: =N144/M144 -> -0.035185185 | R144: 20/3/2026
A145: Guardian | B145: B2B | C145: Tháng 9 | D145: 8809563069910 | E145: Mặt nạ ngủ môi GLAMRR Q (VEGAN B5 SUPER LIP SLEEPING MASK, 10ml) | F145: =IF(ISNUMBER(SEARCH("gilaa",E145)),"GILAA", IF(ISNUMBER(SEARCH("GLAMRR Q",E145)),"GLAMRR Q", IF(ISNUMBER(SEARCH("BAD PEACH",E145)),"BAD PEACH", IF(ISNUMBER(SEARCH("VEGICK",E145)),"VEGICK", IF(ISNUMBER(SEARCH("DE MEMORIA",E145)),"DE MEMORIA", IF(ISNUMBER(SEARCH("MUDE",E145)),"MUDE", IF(ISNUMBER(SEARCH("daoida",E145)),"DAOIDA",IF(ISNUMBER(SEARCH("MEDIFORCELL",E145)),"MEDIFORCELL",IF(ISNUMBER(SEARCH("PLU",E145)),"PLU",""))))))))) -> GLAMRR Q | G145: =7*4*5+15 -> 155 | H145: 150 | I145: =G145-H145 -> 5 | J145: sản phẩm nguyên vẹn | K145: 46481 | L145: =TODAY() -> 46106 | M145: 36 | N145: =(K145-L145)/30 -> 12.5 | O145: =N145/M145 -> 0.34722222 | Q145: https://workflow.base.vn/job/3429623 | R145: 20/3/2026
A146: Guardian | B146: B2B | C146: Tháng 9 | D146: 8809563069910 | E146: Mặt nạ ngủ môi GLAMRR Q (VEGAN B5 SUPER LIP SLEEPING MASK, 10ml) | F146: =IF(ISNUMBER(SEARCH("gilaa",E146)),"GILAA", IF(ISNUMBER(SEARCH("GLAMRR Q",E146)),"GLAMRR Q", IF(ISNUMBER(SEARCH("BAD PEACH",E146)),"BAD PEACH", IF(ISNUMBER(SEARCH("VEGICK",E146)),"VEGICK", IF(ISNUMBER(SEARCH("DE MEMORIA",E146)),"DE MEMORIA", IF(ISNUMBER(SEARCH("MUDE",E146)),"MUDE", IF(ISNUMBER(SEARCH("daoida",E146)),"DAOIDA",IF(ISNUMBER(SEARCH("MEDIFORCELL",E146)),"MEDIFORCELL",IF(ISNUMBER(SEARCH("PLU",E146)),"PLU",""))))))))) -> GLAMRR Q | G146: 34 | I146: =G146-H146 -> 34 | J146: bao bì bạc màu | K146: 46481 | L146: =TODAY() -> 46106 | M146: 36 | N146: =(K146-L146)/30 -> 12.5 | O146: =N146/M146 -> 0.34722222 | R146: 20/3/2026
A147: Guardian | B147: B2B | C147: Tháng 9 | D147: 8809563069910 | E147: Mặt nạ ngủ môi GLAMRR Q (VEGAN B5 SUPER LIP SLEEPING MASK, 10ml) | F147: =IF(ISNUMBER(SEARCH("gilaa",E147)),"GILAA", IF(ISNUMBER(SEARCH("GLAMRR Q",E147)),"GLAMRR Q", IF(ISNUMBER(SEARCH("BAD PEACH",E147)),"BAD PEACH", IF(ISNUMBER(SEARCH("VEGICK",E147)),"VEGICK", IF(ISNUMBER(SEARCH("DE MEMORIA",E147)),"DE MEMORIA", IF(ISNUMBER(SEARCH("MUDE",E147)),"MUDE", IF(ISNUMBER(SEARCH("daoida",E147)),"DAOIDA",IF(ISNUMBER(SEARCH("MEDIFORCELL",E147)),"MEDIFORCELL",IF(ISNUMBER(SEARCH("PLU",E147)),"PLU",""))))))))) -> GLAMRR Q | G147: 2 | I147: =G147-H147 -> 2 | J147: bao bì bạc màu | K147: 46533 | L147: =TODAY() -> 46106 | M147: 36 | N147: =(K147-L147)/30 -> 14.233333 | O147: =N147/M147 -> 0.39537037 | R147: 20/3/2026
A148: Guardian | B148: B2B | C148: Tháng 9 | D148: 8809783326770 | E148: Son môi GLAMRR Q (V​E​G​A​N S​U​P​E​R L​I​P B​A​L​M 0​0 O​R​A​N​G​I​E, 4.5g) | F148: =IF(ISNUMBER(SEARCH("gilaa",E148)),"GILAA", IF(ISNUMBER(SEARCH("GLAMRR Q",E148)),"GLAMRR Q", IF(ISNUMBER(SEARCH("BAD PEACH",E148)),"BAD PEACH", IF(ISNUMBER(SEARCH("VEGICK",E148)),"VEGICK", IF(ISNUMBER(SEARCH("DE MEMORIA",E148)),"DE MEMORIA", IF(ISNUMBER(SEARCH("MUDE",E148)),"MUDE", IF(ISNUMBER(SEARCH("daoida",E148)),"DAOIDA",IF(ISNUMBER(SEARCH("MEDIFORCELL",E148)),"MEDIFORCELL",IF(ISNUMBER(SEARCH("PLU",E148)),"PLU",""))))))))) -> GLAMRR Q | G148: =12*6+2 -> 74 | I148: =G148-H148 -> 74 | J148: bao bì bạc màu | K148: 46484 | L148: =TODAY() -> 46106 | M148: 36 | N148: =(K148-L148)/30 -> 12.6 | O148: =N148/M148 -> 0.35 | R148: 20/3/2026
A149: Guardian | B149: B2B | C149: Tháng 9 | D149: 8809783326770 | E149: Son môi GLAMRR Q (V​E​G​A​N S​U​P​E​R L​I​P B​A​L​M 0​0 O​R​A​N​G​I​E, 4.5g) | F149: =IF(ISNUMBER(SEARCH("gilaa",E149)),"GILAA", IF(ISNUMBER(SEARCH("GLAMRR Q",E149)),"GLAMRR Q", IF(ISNUMBER(SEARCH("BAD PEACH",E149)),"BAD PEACH", IF(ISNUMBER(SEARCH("VEGICK",E149)),"VEGICK", IF(ISNUMBER(SEARCH("DE MEMORIA",E149)),"DE MEMORIA", IF(ISNUMBER(SEARCH("MUDE",E149)),"MUDE", IF(ISNUMBER(SEARCH("daoida",E149)),"DAOIDA",IF(ISNUMBER(SEARCH("MEDIFORCELL",E149)),"MEDIFORCELL",IF(ISNUMBER(SEARCH("PLU",E149)),"PLU",""))))))))) -> GLAMRR Q | G149: 7 | H149: 1 | I149: =G149-H149 -> 6 | J149: bao bì bạc màu | K149: 46501 | L149: =TODAY() -> 46106 | M149: 36 | N149: =(K149-L149)/30 -> 13.166667 | O149: =N149/M149 -> 0.36574074 | Q149: https://workflow.base.vn/job/3581351 | R149: 20/3/2026
A150: Guardian | B150: B2B | C150: Tháng 9 | D150: 8809783326787 | E150: Son môi GLAMRR Q (V​E​G​A​N S​U​P​E​R L​I​P B​A​L​M 0​1 C​H​E​R​I​E, 4.5g) | F150: =IF(ISNUMBER(SEARCH("gilaa",E150)),"GILAA", IF(ISNUMBER(SEARCH("GLAMRR Q",E150)),"GLAMRR Q", IF(ISNUMBER(SEARCH("BAD PEACH",E150)),"BAD PEACH", IF(ISNUMBER(SEARCH("VEGICK",E150)),"VEGICK", IF(ISNUMBER(SEARCH("DE MEMORIA",E150)),"DE MEMORIA", IF(ISNUMBER(SEARCH("MUDE",E150)),"MUDE", IF(ISNUMBER(SEARCH("daoida",E150)),"DAOIDA",IF(ISNUMBER(SEARCH("MEDIFORCELL",E150)),"MEDIFORCELL",IF(ISNUMBER(SEARCH("PLU",E150)),"PLU",""))))))))) -> GLAMRR Q | G150: 6 | I150: =G150-H150 -> 6 | J150: bao bì bạc màu | K150: 46237 | L150: =TODAY() -> 46106 | M150: 36 | N150: =(K150-L150)/30 -> 4.3666667 | O150: =N150/M150 -> 0.1212963 | R150: 20/3/2026
A151: Guardian | B151: B2B | C151: Tháng 9 | D151: 8809783326787 | E151: Son môi GLAMRR Q (V​E​G​A​N S​U​P​E​R L​I​P B​A​L​M 0​1 C​H​E​R​I​E, 4.5g) | F151: =IF(ISNUMBER(SEARCH("gilaa",E151)),"GILAA", IF(ISNUMBER(SEARCH("GLAMRR Q",E151)),"GLAMRR Q", IF(ISNUMBER(SEARCH("BAD PEACH",E151)),"BAD PEACH", IF(ISNUMBER(SEARCH("VEGICK",E151)),"VEGICK", IF(ISNUMBER(SEARCH("DE MEMORIA",E151)),"DE MEMORIA", IF(ISNUMBER(SEARCH("MUDE",E151)),"MUDE", IF(ISNUMBER(SEARCH("daoida",E151)),"DAOIDA",IF(ISNUMBER(SEARCH("MEDIFORCELL",E151)),"MEDIFORCELL",IF(ISNUMBER(SEARCH("PLU",E151)),"PLU",""))))))))) -> GLAMRR Q | G151: 23 | I151: =G151-H151 -> 23 | J151: bao bì bạc màu | K151: 46310 | L151: =TODAY() -> 46106 | M151: 36 | N151: =(K151-L151)/30 -> 6.8 | O151: =N151/M151 -> 0.18888889 | R151: 20/3/2026
A152: Guardian | B152: B2B | C152: Tháng 9 | D152: 8809783326787 | E152: Son môi GLAMRR Q (V​E​G​A​N S​U​P​E​R L​I​P B​A​L​M 0​1 C​H​E​R​I​E, 4.5g) | F152: =IF(ISNUMBER(SEARCH("gilaa",E152)),"GILAA", IF(ISNUMBER(SEARCH("GLAMRR Q",E152)),"GLAMRR Q", IF(ISNUMBER(SEARCH("BAD PEACH",E152)),"BAD PEACH", IF(ISNUMBER(SEARCH("VEGICK",E152)),"VEGICK", IF(ISNUMBER(SEARCH("DE MEMORIA",E152)),"DE MEMORIA", IF(ISNUMBER(SEARCH("MUDE",E152)),"MUDE", IF(ISNUMBER(SEARCH("daoida",E152)),"DAOIDA",IF(ISNUMBER(SEARCH("MEDIFORCELL",E152)),"MEDIFORCELL",IF(ISNUMBER(SEARCH("PLU",E152)),"PLU",""))))))))) -> GLAMRR Q | G152: =3*4+2 -> 14 | I152: =G152-H152 -> 14 | J152: bao bì bạc màu | K152: 46352 | L152: =TODAY() -> 46106 | M152: 36 | N152: =(K152-L152)/30 -> 8.2 | O152: =N152/M152 -> 0.22777778 | R152: 20/3/2026
A153: Guardian | B153: B2B | C153: Tháng 9 | D153: 8809783326787 | E153: Son môi GLAMRR Q (V​E​G​A​N S​U​P​E​R L​I​P B​A​L​M 0​1 C​H​E​R​I​E, 4.5g) | F153: =IF(ISNUMBER(SEARCH("gilaa",E153)),"GILAA", IF(ISNUMBER(SEARCH("GLAMRR Q",E153)),"GLAMRR Q", IF(ISNUMBER(SEARCH("BAD PEACH",E153)),"BAD PEACH", IF(ISNUMBER(SEARCH("VEGICK",E153)),"VEGICK", IF(ISNUMBER(SEARCH("DE MEMORIA",E153)),"DE MEMORIA", IF(ISNUMBER(SEARCH("MUDE",E153)),"MUDE", IF(ISNUMBER(SEARCH("daoida",E153)),"DAOIDA",IF(ISNUMBER(SEARCH("MEDIFORCELL",E153)),"MEDIFORCELL",IF(ISNUMBER(SEARCH("PLU",E153)),"PLU",""))))))))) -> GLAMRR Q | G153: 32 | H153: 1 | I153: =G153-H153 -> 31 | J153: bao bì bạc màu | K153: 46488 | L153: =TODAY() -> 46106 | M153: 36 | N153: =(K153-L153)/30 -> 12.733333 | O153: =N153/M153 -> 0.3537037 | Q153: https://workflow.base.vn/job/3581351 | R153: 20/3/2026
A154: Guardian | B154: B2B | C154: Tháng 9 | D154: 8809783326794 | E154: Son môi GLAMRR Q (V​E​G​A​N S​U​P​E​R L​I​P B​A​L​M 0​2 A​P​P​L​E​-​Y, 4.5g) | F154: =IF(ISNUMBER(SEARCH("gilaa",E154)),"GILAA", IF(ISNUMBER(SEARCH("GLAMRR Q",E154)),"GLAMRR Q", IF(ISNUMBER(SEARCH("BAD PEACH",E154)),"BAD PEACH", IF(ISNUMBER(SEARCH("VEGICK",E154)),"VEGICK", IF(ISNUMBER(SEARCH("DE MEMORIA",E154)),"DE MEMORIA", IF(ISNUMBER(SEARCH("MUDE",E154)),"MUDE", IF(ISNUMBER(SEARCH("daoida",E154)),"DAOIDA",IF(ISNUMBER(SEARCH("MEDIFORCELL",E154)),"MEDIFORCELL",IF(ISNUMBER(SEARCH("PLU",E154)),"PLU",""))))))))) -> GLAMRR Q | G154: 40 | I154: =G154-H154 -> 40 | J154: bao bì bạc màu | K154: 46306 | L154: =TODAY() -> 46106 | M154: 36 | N154: =(K154-L154)/30 -> 6.6666667 | O154: =N154/M154 -> 0.18518519 | R154: 20/3/2026
A155: Guardian | B155: B2B | C155: Tháng 9 | D155: 8809783326794 | E155: Son môi GLAMRR Q (V​E​G​A​N S​U​P​E​R L​I​P B​A​L​M 0​2 A​P​P​L​E​-​Y, 4.5g) | F155: =IF(ISNUMBER(SEARCH("gilaa",E155)),"GILAA", IF(ISNUMBER(SEARCH("GLAMRR Q",E155)),"GLAMRR Q", IF(ISNUMBER(SEARCH("BAD PEACH",E155)),"BAD PEACH", IF(ISNUMBER(SEARCH("VEGICK",E155)),"VEGICK", IF(ISNUMBER(SEARCH("DE MEMORIA",E155)),"DE MEMORIA", IF(ISNUMBER(SEARCH("MUDE",E155)),"MUDE", IF(ISNUMBER(SEARCH("daoida",E155)),"DAOIDA",IF(ISNUMBER(SEARCH("MEDIFORCELL",E155)),"MEDIFORCELL",IF(ISNUMBER(SEARCH("PLU",E155)),"PLU",""))))))))) -> GLAMRR Q | G155: 40 | H155: 1 | I155: =G155-H155 -> 39 | J155: bao bì bạc màu | K155: 46449 | L155: =TODAY() -> 46106 | M155: 36 | N155: =(K155-L155)/30 -> 11.433333 | O155: =N155/M155 -> 0.31759259 | Q155: https://workflow.base.vn/job/3581351 | R155: 20/3/2026
A156: Guardian | B156: B2B | C156: Tháng 9 | D156: 8809783326800 | E156: Son môi GLAMRR Q (V​E​G​A​N S​U​P​E​R L​I​P B​A​L​M 0​3 G​R​A​P​E​F​U​L, 4.5g) | F156: =IF(ISNUMBER(SEARCH("gilaa",E156)),"GILAA", IF(ISNUMBER(SEARCH("GLAMRR Q",E156)),"GLAMRR Q", IF(ISNUMBER(SEARCH("BAD PEACH",E156)),"BAD PEACH", IF(ISNUMBER(SEARCH("VEGICK",E156)),"VEGICK", IF(ISNUMBER(SEARCH("DE MEMORIA",E156)),"DE MEMORIA", IF(ISNUMBER(SEARCH("MUDE",E156)),"MUDE", IF(ISNUMBER(SEARCH("daoida",E156)),"DAOIDA",IF(ISNUMBER(SEARCH("MEDIFORCELL",E156)),"MEDIFORCELL",IF(ISNUMBER(SEARCH("PLU",E156)),"PLU",""))))))))) -> GLAMRR Q | G156: =9*4 -> 36 | I156: =G156-H156 -> 36 | J156: bao bì bạc màu | K156: 46328 | L156: =TODAY() -> 46106 | M156: 36 | N156: =(K156-L156)/30 -> 7.4 | O156: =N156/M156 -> 0.20555556 | R156: 20/3/2026
A157: Guardian | B157: B2B | C157: Tháng 9 | D157: 8809783326800 | E157: Son môi GLAMRR Q (V​E​G​A​N S​U​P​E​R L​I​P B​A​L​M 0​3 G​R​A​P​E​F​U​L, 4.5g) | F157: =IF(ISNUMBER(SEARCH("gilaa",E157)),"GILAA", IF(ISNUMBER(SEARCH("GLAMRR Q",E157)),"GLAMRR Q", IF(ISNUMBER(SEARCH("BAD PEACH",E157)),"BAD PEACH", IF(ISNUMBER(SEARCH("VEGICK",E157)),"VEGICK", IF(ISNUMBER(SEARCH("DE MEMORIA",E157)),"DE MEMORIA", IF(ISNUMBER(SEARCH("MUDE",E157)),"MUDE", IF(ISNUMBER(SEARCH("daoida",E157)),"DAOIDA",IF(ISNUMBER(SEARCH("MEDIFORCELL",E157)),"MEDIFORCELL",IF(ISNUMBER(SEARCH("PLU",E157)),"PLU",""))))))))) -> GLAMRR Q | G157: 52 | H157: 1 | I157: =G157-H157 -> 51 | J157: bao bì bạc màu | K157: 46488 | L157: =TODAY() -> 46106 | M157: 36 | N157: =(K157-L157)/30 -> 12.733333 | O157: =N157/M157 -> 0.3537037 | Q157: https://workflow.base.vn/job/3581351 | R157: 20/3/2026
A158: Guardian | B158: B2B | C158: Tháng 9 | D158: 8809783326817 | E158: Son môi GLAMRR Q (V​E​G​A​N S​U​P​E​R L​I​P B​A​L​M 0​4 O​'​P​E​A​C​H, 4.5g) | F158: =IF(ISNUMBER(SEARCH("gilaa",E158)),"GILAA", IF(ISNUMBER(SEARCH("GLAMRR Q",E158)),"GLAMRR Q", IF(ISNUMBER(SEARCH("BAD PEACH",E158)),"BAD PEACH", IF(ISNUMBER(SEARCH("VEGICK",E158)),"VEGICK", IF(ISNUMBER(SEARCH("DE MEMORIA",E158)),"DE MEMORIA", IF(ISNUMBER(SEARCH("MUDE",E158)),"MUDE", IF(ISNUMBER(SEARCH("daoida",E158)),"DAOIDA",IF(ISNUMBER(SEARCH("MEDIFORCELL",E158)),"MEDIFORCELL",IF(ISNUMBER(SEARCH("PLU",E158)),"PLU",""))))))))) -> GLAMRR Q | G158: 13 | I158: =G158-H158 -> 13 | J158: bao bì bạc màu | K158: 46328 | L158: =TODAY() -> 46106 | M158: 36 | N158: =(K158-L158)/30 -> 7.4 | O158: =N158/M158 -> 0.20555556 | R158: 20/3/2026
...

Sheet Report
A3: Nội dung | B3: Tổng cộng | C3: Tỷ lệ (%)
A4: PO - hàng cấn móp | B4: 4 | C4: 0.00068108292
A5: Boxme thu hồi | B5: 1395 | C5: 0.23752767
A6: B2B | B6: 4474 | C6: 0.76179125
A7: Grand Total | B7: 5873 | C7: 1
A11: Chi tiết | B11: Tổng cộng | C11: Tỷ lệ (%)
A12: 011/2025/PO/OQR-MUDE | B12: 1 | C12: 0.00017027073
A13: Mộc Beautiful | B13: 1 | C13: 0.00017027073
A14: 009/2025/PO/OQR-MUDE | B14: 1 | C14: 0.00017027073
A15: 012/2025/PO/OQR-MUDE | B15: 2 | C15: 0.00034054146
A16: B2B | B16: 5 | C16: 0.00085135365
A17: BM68698317418DM | B17: 13 | C17: 0.0022135195
A18: HASAKI | B18: 237 | C18: 0.040354163
A19: BM631962340681DM | B19: 1382 | C19: 0.23531415
A20: Guardian | B20: 4231 | C20: 0.72041546
A21: Grand Total | B21: 5873 | C21: 1

Sheet Dang_le
A1: STT | B1: NGÀY CẬP NHẬT | C1: BARCODE | D1: TÊN GỌI CHÍNH THỨC CỦA SẢN PHẨM | E1: ĐƠN VỊ TÍNH | F1: KHỐI LƯỢNG (GRAM) | G1: GIÁ BÁN LẺ THƯỜNG NIÊN (đã bao gồm VAT) (VNĐ) | H1: TÌNH TRẠNG | I1: ND TRƯỚC THAY ĐỔI | J1: MỤC ĐÍCH SỬ DỤNG (Bán/ Quà tặng/ Cả bán và tặng) Chỉ điền với sản phẩm minisize và vật phẩm | K1: GHI CHÚ
A2: 1 | B2: 44580 | C2: 8803348041672 | D2: Tinh chất dưỡng da AESTHENIA (PEPTIDE BIFIDA TONING VITAL AMPOULE, 35ml) | E2: Hộp | F2: 158 | G2: 390000 | H2: Tạo mới
A3: =ROW()-ROW($A$1) -> 2 | B3: 44580 | C3: 8803348041665 | D3: Tinh chất dưỡng da AESTHENIA (PEPTIDE HYALURONIC TENSION S.O.S AMPOULE, 35ml) | E3: Hộp | F3: 158 | G3: 390000 | H3: Ngưng kinh doanh
A4: 3 | B4: 44580 | C4: 8803348041689 | D4: Tinh chất dưỡng da AESTHENIA (PEPTIDE MARINE COLLAGEN CALMING AQUA AMPOULE, 35ml) | E4: Hộp | F4: 158 | G4: 390000 | H4: Tạo mới
A5: 4 | B5: 44580 | C5: 8809738603505 | D5: Nước hoa DE MEMORIA (SPELLO #01, 30ml) | E5: Hộp | F5: 119 | G5: 425000 | H5: Tạo mới | I5: Giá cũ: 390.000 | J5: Bán | K5: 05/02/2025 Update lại giá
A6: 5 | B6: 44580 | C6: 8809738603499 | D6: Nước hoa DE MEMORIA (VAL DE LOIRE #02, 30ml) | E6: Hộp | F6: 119 | G6: 425000 | H6: Tạo mới | I6: Giá cũ: 390.000 | J6: Bán | K6: 05/02/2025 Update lại giá
A7: 6 | B7: 44580 | C7: 8809738605509 | D7: Nước hoa DE MEMORIA (GRANADA #03, 30ml) | E7: Hộp | F7: 119 | G7: 390000 | H7: Tạo mới
A8: 7 | B8: 44580 | C8: 8809738603512 | D8: Nước hoa DE MEMORIA (DRESDEN #04, 30ml) | E8: Hộp | F8: 119 | G8: 425000 | H8: Tạo mới | I8: Giá cũ: 390.000 | J8: Bán | K8: 05/02/2025 Update lại giá
A9: 8 | B9: 44580 | C9: 8809738603482 | D9: Nước hoa DE MEMORIA (MONTPELLIER #05, 30ml) | E9: Hộp | F9: 119 | G9: 425000 | H9: Tạo mới | I9: Giá cũ: 390.000 | J9: Bán | K9: 05/02/2025 Update lại giá
A10: 9 | B10: 44580 | C10: 8809738605516 | D10: Nước hoa DE MEMORIA (GRASSE #06, 30ml) | E10: Hộp | F10: 119 | G10: 200000 | H10: Tạo mới | I10: Giá cũ: 390.000 | J10: Cả bán và tặng | K10: 10/01/2025 Update lại giá và mục đích sử dụng
A11: 10 | B11: 44580 | C11: 8809657119224 | D11: Phấn nước trang điểm chưa nén GILAA (LONG WEAR DD CUSHION #01 LIGHT BEIGE, 13g) | E11: Hộp | F11: 85 | G11: 345000 | H11: Tạo mới
A12: 11 | B12: 44580 | C12: 8809657119231 | D12: Phấn nước trang điểm chưa nén GILAA (LONG WEAR DD CUSHION #02 NATURAL BEIGE, 13g) | E12: Hộp | F12: 85 | G12: 345000 | H12: Tạo mới
A13: 12 | B13: 44580 | C13: 8809491944020 | D13: Son môi GILAA (LONG WEAR LIP CREAM #01 GLAD DAY, 5g) | E13: Hộp | F13: 30 | G13: 199000 | H13: Tạo mới
A14: 13 | B14: 44580 | C14: 8809491944037 | D14: Son môi GILAA (LONG WEAR LIP CREAM #02 LOVELY DAY, 5g) | E14: Hộp | F14: 30 | G14: 199000 | H14: Tạo mới
A15: 14 | B15: 44580 | C15: 8809491944044 | D15: Son môi GILAA (LONG WEAR LIP CREAM #03 SUNSHINE DAY, 5g) | E15: Hộp | F15: 30 | G15: 199000 | H15: Tạo mới
A16: 15 | B16: 44580 | C16: 8809491944051 | D16: Son môi GILAA (LONG WEAR LIP CREAM #04 FIRST DAY, 5g) | E16: Hộp | F16: 30 | G16: 199000 | H16: Tạo mới
A17: 16 | B17: 44580 | C17: 8809491944068 | D17: Son môi GILAA (LONG WEAR LIP CREAM #05 GLOOMY DAY, 5g) | E17: Hộp | F17: 30 | G17: 199000 | H17: Tạo mới
A18: 17 | B18: 44580 | C18: 8809491944075 | D18: Son môi GILAA (LONG WEAR LIP CREAM #06 RAINY DAY, 5g) | E18: Hộp | F18: 30 | G18: 199000 | H18: Tạo mới
A19: 18 | B19: 44580 | C19: 8809491944433 | D19: Son môi GILAA (LONG WEAR LIP CREAM #07 RED-LETTER DAY, 5g) | E19: Hộp | F19: 30 | G19: 199000 | H19: Tạo mới
A20: 19 | B20: 44580 | C20: 8809491944082 | D20: Son môi GILAA (LONG WEAR LIP CREAM #01 GLAD DAY, 1.7g) | E20: Hộp | F20: 17 | G20: 180000 | H20: Tạo mới | J20: Cả bán và tặng | K20: Kênh official để giá niêm yết treo bán
A21: 20 | B21: 44580 | C21: 8809491944099 | D21: Son môi GILAA (LONG WEAR LIP CREAM #02 LOVELY DAY, 1.7g) | E21: Hộp | F21: 17 | G21: 180000 | H21: Tạo mới | J21: Cả bán và tặng | K21: Kênh official để giá niêm yết treo bán
A22: 21 | B22: 44580 | C22: 8809491944112 | D22: Son môi GILAA (LONG WEAR LIP CREAM #04 FIRST DAY, 1.7g) | E22: Hộp | F22: 17 | G22: 180000 | H22: Tạo mới | J22: Cả bán và tặng | K22: Kênh official để giá niêm yết treo bán
A23: 22 | B23: 44580 | C23: 8809491945447 | D23: Son môi GILAA (LONG WEAR LIP CREAM #08 TAKE A SIP, 5g) | E23: Hộp | F23: 30 | G23: 229000 | H23: Tạo mới
A24: 23 | B24: 44580 | C24: 8809491945454 | D24: Son môi GILAA (LONG WEAR LIP CREAM #09 HEI HEI, 5g) | E24: Hộp | F24: 30 | G24: 229000 | H24: Tạo mới
A25: 24 | B25: 44580 | C25: 8809491945461 | D25: Son môi GILAA (LONG WEAR LIP CREAM #10 MAY BEAUTY, 5g) | E25: Hộp | F25: 30 | G25: 229000 | H25: Tạo mới
A26: 25 | B26: 44580 | C26: 8809491945478 | D26: Son môi GILAA (LONG WEAR LIP CREAM #11 SET SAIL, 5g) | E26: Hộp | F26: 30 | G26: 229000 | H26: Tạo mới
A27: 26 | B27: 44580 | C27: 8809491945485 | D27: Son môi GILAA (LONG WEAR LIP CREAM #12 LAVISH, 5g) | E27: Hộp | F27: 30 | G27: 229000 | H27: Tạo mới
A28: 27 | B28: 44580 | C28: 8809491945492 | D28: Son môi GILAA (LONG WEAR LIP CREAM #13 CURSE REVERSE, 5g) | E28: Hộp | F28: 30 | G28: 229000 | H28: Tạo mới
A29: 28 | B29: 44580 | C29: 8809491945447 | D29: Son môi GILAA (LONG WEAR LIP CREAM #08 TAKE A SIP, 5g), bản giới hạn | E29: Hộp | F29: 37 | G29: 229000 | H29: Tạo mới
A30: 29 | B30: 44580 | C30: 8809491945454 | D30: Son môi GILAA (LONG WEAR LIP CREAM #09 HEI HEI, 5g), bản giới hạn | E30: Hộp | F30: 37 | G30: 229000 | H30: Tạo mới
A31: 30 | B31: 44580 | C31: 8809491945461 | D31: Son môi GILAA (LONG WEAR LIP CREAM #10 MAY BEAUTY, 5g), bản giới hạn | E31: Hộp | F31: 37 | G31: 229000 | H31: Tạo mới
A32: 31 | B32: 44580 | C32: 8809491945478 | D32: Son môi GILAA (LONG WEAR LIP CREAM #11 SET SAIL, 5g), bản giới hạn | E32: Hộp | F32: 37 | G32: 229000 | H32: Tạo mới
A33: 32 | B33: 44580 | C33: 8809491945485 | D33: Son môi GILAA (LONG WEAR LIP CREAM #12 LAVISH, 5g), bản giới hạn | E33: Hộp | F33: 37 | G33: 229000 | H33: Tạo mới
A34: 33 | B34: 44580 | C34: 8809491945492 | D34: Son môi GILAA (LONG WEAR LIP CREAM #13 CURSE REVERSE, 5g), bản giới hạn | E34: Hộp | F34: 37 | G34: 229000 | H34: Tạo mới
... A43: 42 | B43: 44580 | C43: 8809738595824 | D43: Sữa rửa mặt GILAA (PLANT SERUM CLEANSER WITH BITTER MELON + BHA, 160g) | E43: Hộp | F43: 228 | G43: 286000 | H43: Tạo mới
A44: 43 | B44: 44580 | C44: 8809738596074 | D44: Sữa rửa mặt GILAA (PLANT SERUM CLEANSER WITH BITTER MELON + BHA, 23g) | E44: Hộp | F44: 40 | G44: 125000 | H44: Tạo mới | J44: Cả bán và tặng | K44: Kênh official để giá niêm yết treo bán
A45: 44 | B45: 44580 | C45: 8809738595817 | D45: Sữa rửa mặt GILAA (PLANT SERUM CLEANSER WITH SAFFRON EXTRACT, 160g) | E45: Hộp | F45: 228 | G45: 286000 | H45: Tạo mới
A46: 45 | B46: 44580 | C46: 8809738596067 | D46: Sữa rửa mặt GILAA (PLANT SERUM CLEANSER WITH SAFFRON EXTRACT, 23g) | E46: Hộp | F46: 40 | G46: 125000 | H46: Tạo mới | J46: Cả bán và tặng | K46: Kênh official để giá niêm yết treo bán
A47: 46 | B47: 44580 | C47: 8809133684932-2 | D47: Thực phẩm bổ sung GILAA (PREMIUM SAFFRON COLLAGEN, 2g x 01), 01 gói | E47: Gói | F47: 44683 | G47: 8250 | H47: Tạo mới | J47: Quà tặng
A48: 47 | B48: 44580 | C48: 8936233680332 | D48: Thực phẩm bổ sung GILAA (PREMIUM SAFFRON COLLAGEN, 2g x 10), bịch 10 gói | E48: Bịch | F48: 26 | G48: 82500 | H48: Tạo mới | I48: Mã cũ: 8809133684932-1 Mục đích cũ: Quà tặng | J48: Cả bán và tặng | K48: 06/04/2025 cập nhật lại mã barcode 22/07/2025 cập nhật lại mục đích sủ dụng
A49: 48 | B49: 44580 | C49: 8809133684932 | D49: Thực phẩm bổ sung GILAA (PREMIUM SAFFRON COLLAGEN, 2g x 60), hộp 60 gói | E49: Hộp | F49: 192 | G49: 595000 | H49: Tạo mới | I49: Giá cũ: 495.000 | J49: Bán | K49: 05/02/2025 Update lại giá
A50: 49 | B50: 44580 | C50: 8809491945423 | D50: Bông phấn đánh kem nền GILAA (RUBYCELL ANTIBACTERIAL PUFF) | E50: Hộp | F50: 44713 | G50: 13000 | H50: Tạo mới | J50: Quà tặng
A51: 50 | B51: 44580 | C51: 8809639173107 | D51: Kem dưỡng da GILAA (SAFFRON TONE UP DAY CREAM, 40ml) | E51: Hộp | F51: 69 | G51: 315000 | H51: Tạo mới
A52: 51 | B52: 44580 | C52: 8809563704637 | D52: Nước cân bằng da GILAA (SAFFRON TONE UP REPAIR BUBBLE TONER, 100ml) | E52: Hộp | F52: 180 | G52: 385000 | H52: Tạo mới
A53: 52 | B53: 44580 | C53: 8809497140259 | D53: Kem dưỡng da GILAA (SAFFRON TONE UP REPAIR CREAM, 50ml) | E53: Hộp | F53: 207 | G53: 455000 | H53: Tạo mới
A54: 53 | B54: 44580 | C54: 8809497140266 | D54: Tinh chất dưỡng da GILAA (SAFFRON TONE UP REPAIR SERUM, 20ml) | E54: Hộp | F54: 69 | G54: 485000 | H54: Tạo mới
A55: 54 | B55: 44580 | C55: 8809582500494 | D55: Nước hoa PERFUME HOLIC (PINKER BELL KOREA 01 RAINY DAY, 30ml) | E55: Hộp | F55: 130 | G55: 290000 | H55: Tạo mới
A56: 55 | B56: 44580 | C56: 8809582500487 | D56: Nước hoa PERFUME HOLIC (PINKER BELL KOREA 02 FIRST DAY, 30ml) | E56: Hộp | F56: 130 | G56: 290000 | H56: Tạo mới
A57: 56 | B57: 44580 | C57: 8809582500500 | D57: Nước hoa PERFUME HOLIC (PINKER BELL KOREA 03 GLOOMY DAY, 30ml) | E57: Hộp | F57: 130 | G57: 290000 | H57: Tạo mới
A58: 57 | B58: 44580 | C58: 8809582500517 | D58: Nước hoa PERFUME HOLIC (PINKER BELL KOREA 04 LOVEY DAY, 30ml) | E58: Hộp | F58: 130 | G58: 290000 | H58: Tạo mới
A59: 58 | B59: 44580 | C59: 8809582500524 | D59: Nước hoa PERFUME HOLIC (PINKER BELL KOREA 05 SUNSHINE DAY, 30ml) | E59: Hộp | F59: 130 | G59: 290000 | H59: Tạo mới
A60: 59 | B60: 44580 | C60: 8809582500531 | D60: Nước hoa PERFUME HOLIC (PINKER BELL KOREA 06 GLAD DAY, 30ml) | E60: Hộp | F60: 130 | G60: 290000 | H60: Tạo mới
A61: 60 | B61: 44580 | C61: 8809582500548 | D61: Nước hoa PERFUME HOLIC (PINKER BELL KOREA 07 SOME DAY, 30ml) | E61: Hộp | F61: 130 | G61: 290000 | H61: Tạo mới
A62: 61 | B62: 44580 | C62: 315909712102 | D62: Túi vải đeo vai GILAA | E62: Cái | F62: 100 | G62: 30000 | H62: Tạo mới | J62: Quà tặng
A63: 62 | B63: 44580 | C63: 315909712103 | D63: Bình nước thuỷ tinh GILAA | E63: Cái | F63: 290 | G63: 25000 | H63: Tạo mới | J63: Quà tặng
A64: 63 | B64: 44580 | C64: 315909712104 | D64: Gương vuông cầm tay GILAA | E64: Cái | F64: 55 | G64: 22000 | H64: Tạo mới | J64: Quà tặng
A65: 64 | B65: 44580 | C65: 315909712105 | D65: Gương tròn GILAA | E65: Cái | F65: 21 | G65: 22000 | H65: Tạo mới | J65: Quà tặng
A66: 65 | B66: 44580 | C66: 315909712106 | D66: Hộp quà GILAA SKINCARE | E66: Cái | F66: 438 | G66: 24000 | H66: Tạo mới | J66: Quà tặng
A67: 66 | B67: 44580 | C67: 315909712109 | D67: Túi vải cầm tay TRENDING BOX | E67: Cái | F67: 40 | G67: 35000 | H67: Tạo mới
A68: 67 | B68: 44580 | C68: 315909712110 | D68: Túi vải đeo vai TRENDING BOX | E68: Cái | F68: 100 | G68: 35000 | H68: Tạo mới
A69: 68 | B69: 44580 | C69: 315909712111 | D69: Hộp quà GILAA MAKE-UP | E69: Cái | F69: 350 | G69: 35000 | H69: Tạo mới | J69: Quà tặng
A70: 69 | B70: 44580 | C70: 315909712112 | D70: Túi lưới cầm tay GILAA | E70: Cái | F70: 50 | G70: 22000 | H70: Tạo mới | J70: Quà tặng
A71: 70 | B71: 44580 | C71: 315909712113 | D71: Hộp quà GILAA LIP SERUM | E71: Cái | F71: 400 | G71: 86000 | H71: Tạo mới | J71: Quà tặng
A72: 71 | B72: 44580 | C72: 315909712114 | D72: Hộp quà DE MEMORIA | E72: Cái | F72: 421 | G72: 83000 | H72: Ngừng sử dụng | J72: Quà tặng
A73: 72 | B73: 44580 | C73: 315909712115 | D73: Hộp quà GILAA SUMMER | E73: Cái | F73: 168 | G73: 26000 | H73: Tạo mới | J73: Quà tặng
A74: 73 | B74: 44580 | C74: 315909712116 | D74: Khăn BANADA | E74: Cái | F74: 10 | G74: 44000 | H74: Tạo mới | J74: Quà tặng
A75: 74 | B75: 44580 | C75: 315909712117 | D75: Dây cột tóc CRUNCHIES | E75: Cái | F75: 10 | G75: 17000 | H75: Tạo mới | J75: Quà tặng
A76: 75 | B76: 44580 | C76: 315909712118 | D76: Túi lưới GILAA MESH BAG | E76: Cái | F76: 74 | G76: 49000 | H76: Tạo mới | J76: Quà tặng
A77: 76 | B77: 44580 | C77: 315909712119 | D77: Hộp quà GILAA LIP CREAM (RICH ROSIE) | E77: Cái | F77: 330 | G77: 88000 | H77: Tạo mới | J77: Quà tặng
A78: 77 | B78: 44580 | C78: 315909712120 | D78: Hộp quà DE MEMORIA (Happy Holidays) | E78: Cái | F78: 260 | G78: 53000 | H78: Ngừng sử dụng | J78: Quà tặng
A79: 78 | B79: 44580 | C79: 315909712121 | D79: Hộp quà GILAA PLANT SERUM CLEANSER | E79: Cái | F79: 428 | G79: 110000 | H79: Tạo mới | J79: Quà tặng
A80: 79 | B80: 44599 | C80: 315909712122 | D80: Hộp quà COLLAB (GILAA & DE MEMORIA) | E80: Cái | F80: 248 | G80: 52000 | H80: Tạo mới | J80: Quà tặng
A81: 80 | B81: 44608 | C81: 8809738598603 | D81: Nước hoa DE MEMORIA (HOIAN #07, 30ml) | E81: Hộp | F81: 119 | G81: 200000 | H81: Tạo mới | I81: Giá cũ 390.000đ Giá cũ 355.000đ | K81: 06/06/2024 Update lại giá 10/01/2025 Update lại giá
A82: 81 | B82: 44608 | C82: 8809738598610 | D82: Nước hoa DE MEMORIA (IPOH #08, 30ml) | E82: Hộp | F82: 119 | G82: 200000 | H82: Tạo mới | I82: Giá cũ 390.000đ Giá cũ 355.000đ | K82: 06/06/2024 Update lại giá 10/01/2025 Update lại giá
A83: 82 | B83: 44608 | C83: 8809738598627 | D83: Nước hoa DE MEMORIA (LAMPANG #09, 30ml) | E83: Hộp | F83: 119 | G83: 200000 | H83: Tạo mới | I83: Giá cũ 390.000đ Giá cũ 355.000đ | K83: 06/06/2024 Update lại giá 10/01/2025 Update lại giá
A84: 83 | B84: 44608 | C84: 8809738598634 | D84: Nước hoa DE MEMORIA (JIUFEN #10, 30ml) | E84: Hộp | F84: 119 | G84: 200000 | H84: Tạo mới | I84: Giá cũ 390.000đ Giá cũ 355.000đ | K84: 06/06/2024 Update lại giá 10/01/2025 Update lại giá
A85: 84 | B85: 44608 | C85: 8809738598641 | D85: Nước hoa DE MEMORIA (TAI O #11, 30ml) | E85: Hộp | F85: 119 | G85: 200000 | H85: Tạo mới | I85: Giá cũ 390.000đ Giá cũ 355.000đ | K85: 06/06/2024 Update lại giá 10/01/2025 Update lại giá
A86: 85 | B86: 44608 | C86: 8809738598658 | D86: Nước hoa DE MEMORIA (BAGAN #12, 30ml) | E86: Hộp | F86: 119 | G86: 200000 | H86: Tạo mới | I86: Giá cũ 390.000đ Giá cũ 355.000đ | K86: 06/06/2024 Update lại giá 10/01/2025 Update lại giá
A87: 86 | B87: 44608 | C87: 8809738598665 | D87: Nước hoa DE MEMORIA (HOIAN #07, 1.2ml) | E87: Hộp | F87: 7 | G87: 22000 | H87: Tạo mới | J87: Quà tặng
A88: 87 | B88: 44608 | C88: 8809738598672 | D88: Nước hoa DE MEMORIA (IPOH #08, 1.2ml) | E88: Hộp | F88: 7 | G88: 22000 | H88: Tạo mới | J88: Quà tặng
A89: 88 | B89: 44608 | C89: 8809738598689 | D89: Nước hoa DE MEMORIA (LAMPANG #09, 1.2ml) | E89: Hộp | F89: 7 | G89: 22000 | H89: Tạo mới | J89: Quà tặng
A90: 89 | B90: 44608 | C90: 8809738598696 | D90: Nước hoa DE MEMORIA (JIUFEN #10, 1.2ml) | E90: Hộp | F90: 7 | G90: 22000 | H90: Tạo mới | J90: Quà tặng
A91: 90 | B91: 44608 | C91: 8809738598702 | D91: Nước hoa DE MEMORIA (TAI O #11, 1.2ml) | E91: Hộp | F91: 7 | G91: 22000 | H91: Tạo mới | J91: Quà tặng
A92: 91 | B92: 44608 | C92: 8809738598719 | D92: Nước hoa DE MEMORIA (BAGAN #12, 1.2ml) | E92: Hộp | F92: 7 | G92: 22000 | H92: Tạo mới | J92: Quà tặng
A93: 92 | B93: 44608 | C93: 8809563068340 | D93: Tinh chất dưỡng da VEGICK (SUPER WHITENING SERUM, 30ml) | E93: Hộp | F93: 134 | G93: 330000 | H93: Tạo mới
A94: 93 | B94: 44608 | C94: 8809563068333 | D94: Tinh chất dưỡng da VEGICK (SUPER CALMING SERUM, 30ml) | E94: Hộp | F94: 134 | G94: 250000 | H94: Tạo mới | I94: Giá cũ: 330.000 Mục đích cũ: Bán | J94: Cả bán và tặng | K94: 18/07/2024 Update lại giá và mục đích sử dụng
A95: 94 | B95: 44608 | C95: 8809563068357 | D95: Tinh chất dưỡng da VEGICK (SUPER REPAIRING SERUM, 30ml) | E95: Hộp | F95: 134 | G95: 250000 | H95: Tạo mới | I95: Giá cũ: 390.000 Mục đích cũ: Bán | J95: Cả bán và tặng | K95: 18/07/2024 Update lại giá và mục đích sử dụng
A96: 95 | B96: 44608 | C96: 315909712123 | D96: Tinh chất dưỡng da VEGICK (WHITENING SERUM, CALMING SERUM, REPAIRING SERUM, 1.5ml x 3) | E96: Bộ | F96: 9 | G96: 50000 | H96: Tạo mới | J96: Quà tặng
A97: 96 | B97: 44638 | C97: 315909712124 | D97: Hộp quà VEGICK SERUM | E97: Cái | F97: 159 | G97: 27000 | H97: Tạo mới
A98: 97 | B98: 44655 | C98: 8809491945645 | D98: Son môi GILAA (LONG WEAR LIP CREAM #08 TAKE A SIP, 1.7g) | E98: Hộp | F98: 17 | G98: 200000 | H98: Tạo mới | J98: Cả bán và tặng | K98: Kênh official để giá niêm yết treo bán
A99: 98 | B99: 44659 | C99: 315909712125 | D99: Hộp quà DE MEMORIA Ver2 | E99: Cái | F99: 620 | G99: 71000 | H99: Tạo mới
A100: 99 | B100: 44748 | C100: 8809563708031 | D100: Nước cân bằng da GILAA (BITTER MELON BLEMISH REPAIR TONER, 140ml) | E100: Hộp | F100: 197 | G100: 306000 | H100: Tạo mới
A101: 100 | B101: 44748 | C101: 8809563068692 | D101: Tinh chất dưỡng da GILAA (BITTER MELON BLEMISH REPAIR SERUM, 30ml) | E101: Hộp | F101: 75 | G101: 386000 | H101: Tạo mới
A102: 101 | B102: 44748 | C102: 8809783326053 | D102: Kem dưỡng da GILAA (BITTER MELON BLEMISH REPAIR CREAM, 50ml) | E102: Hộp | F102: 147 | G102: 336000 | H102: Tạo mới
A103: 102 | B103: 44748 | C103: 8809563068982 | D103: Tinh chất dưỡng da GILAA (BITTER MELON BLEMISH REPAIR SERUM, 5ml) | E103: Hộp | F103: 10 | G103: 205000 | H103: Tạo mới | J103: Quà tặng
A104: 103 | B104: 44748 | C104: 8809639176092 | D104: Nước cân bằng da VEGICK (SUPERFOOD PHA + BHA PORE TONER, 210ml) | E104: Hộp | F104: 266 | G104: 250000 | H104: Tạo mới | I104: Giá cũ: 279.000 Mục đích cũ: Bán | J104: Cả bán và tặng | K104: 11/07/2024 Update lại giá và mục đích sử dụng
A105: 104 | B105: 44748 | C105: 8809800462030 | D105: Kem dưỡng da VEGICK (SUPERFOOD + B5 MOISTURE CREAM, 50ml) | E105: Hộp | F105: 135 | G105: 299000 | H105: Tạo mới
A106: 105 | B106: 44755 | C106: 315909712126 | D106: Hộp quà GILAA BITTER MELON | E106: Hộp | F106: 438 | G106: 29000 | H106: Ngừng sử dụng | I106: Tình trạng cũ: Tạo mới | J106: Quà tặng | K106: 12/07/2024 Cập nhật lại tình trạng
A107: 106 | B107: 44782 | C107: 8809497140556 | D107: Gel dưỡng da GILAA (SAFFRON HEALTHY WHITE REPAIR GEL, 50ml) | E107: Hộp | F107: 145 | G107: 426000 | H107: Tạo mới
A108: 107 | B108: 44782 | C108: 8809563707805 | D108: Nước cân bằng dưỡng da GILAA (SAFFRON HEALTHY WHITE BUBBLE TONER, 100ml) | E108: Hộp | F108: 161 | G108: 336000 | H108: Tạo mới
...
